datetime_utc_from,datetime_utc_to,value,parameter,units,coverage_pct,observed_count,expected_count,avg,min,max
2017-02-17T23:00:00Z,2017-02-18T23:00:00Z,12.9,pm10,µg/m³,67.0,16,24,12.853749999999998,4.5,24.73
2017-02-18T23:00:00Z,2017-02-19T23:00:00Z,15.4,pm10,µg/m³,100.0,24,24,15.423749999999998,5.23,24.65
2017-02-19T23:00:00Z,2017-02-20T23:00:00Z,15.8,pm10,µg/m³,100.0,24,24,15.791666666666663,8.15,36.98
2017-02-20T23:00:00Z,2017-02-21T23:00:00Z,6.64,pm10,µg/m³,100.0,24,24,6.636666666666667,2.2,21.08
2017-02-21T23:00:00Z,2017-02-22T23:00:00Z,7.98,pm10,µg/m³,4.0,1,24,7.98,7.98,7.98
2017-02-22T23:00:00Z,2017-02-23T23:00:00Z,6.9,pm10,µg/m³,96.0,23,24,6.895652173913043,0.2,12.75
2017-02-23T23:00:00Z,2017-02-24T23:00:00Z,13.0,pm10,µg/m³,100.0,24,24,12.965833333333329,7.7,24.05
2017-02-24T23:00:00Z,2017-02-25T23:00:00Z,21.9,pm10,µg/m³,54.0,13,24,21.868461538461535,10.48,34.55
2017-02-26T23:00:00Z,2017-02-27T23:00:00Z,3.91,pm10,µg/m³,83.0,20,24,3.910000000000001,0.2,8.88
2017-02-27T23:00:00Z,2017-02-28T23:00:00Z,3.91,pm10,µg/m³,92.0,22,24,3.9063636363636363,0.95,10.38
2017-02-28T23:00:00Z,2017-03-01T23:00:00Z,7.02,pm10,µg/m³,83.0,20,24,7.022999999999999,0.3,13.85
2017-03-01T23:00:00Z,2017-03-02T23:00:00Z,18.7,pm10,µg/m³,100.0,24,24,18.698333333333334,1.93,43.13
2017-03-02T23:00:00Z,2017-03-03T23:00:00Z,11.2,pm10,µg/m³,100.0,24,24,11.222499999999998,1.78,29.95
2017-03-03T23:00:00Z,2017-03-04T23:00:00Z,4.24,pm10,µg/m³,100.0,24,24,4.243333333333333,0.63,7.9
2017-03-04T23:00:00Z,2017-03-05T23:00:00Z,6.2,pm10,µg/m³,96.0,23,24,6.203913043478261,0.05,12.5
2017-03-05T23:00:00Z,2017-03-06T23:00:00Z,17.4,pm10,µg/m³,54.0,13,24,17.361538461538462,2.15,27.8
2017-03-06T23:00:00Z,2017-03-07T23:00:00Z,12.2,pm10,µg/m³,96.0,23,24,12.173913043478258,3.7,18.08
2017-03-07T23:00:00Z,2017-03-08T23:00:00Z,4.84,pm10,µg/m³,100.0,24,24,4.837500000000001,0.0,11.33
2017-03-08T23:00:00Z,2017-03-09T23:00:00Z,9.87,pm10,µg/m³,88.0,21,24,9.866666666666665,0.43,17.53
2017-03-09T23:00:00Z,2017-03-10T23:00:00Z,13.2,pm10,µg/m³,54.0,13,24,13.224615384615383,10.18,17.3
2017-03-11T23:00:00Z,2017-03-12T23:00:00Z,19.7,pm10,µg/m³,71.0,17,24,19.65705882352941,14.03,25.63
2017-03-12T23:00:00Z,2017-03-13T23:00:00Z,27.6,pm10,µg/m³,100.0,24,24,27.56708333333333,14.83,47.75
2017-03-13T23:00:00Z,2017-03-14T23:00:00Z,21.7,pm10,µg/m³,100.0,24,24,21.711249999999996,9.5,31.15
2017-03-14T23:00:00Z,2017-03-15T23:00:00Z,14.5,pm10,µg/m³,100.0,24,24,14.548333333333332,7.43,30.88
2017-03-15T23:00:00Z,2017-03-16T23:00:00Z,19.8,pm10,µg/m³,100.0,24,24,19.833333333333332,8.93,36.68
2017-03-16T23:00:00Z,2017-03-17T23:00:00Z,21.5,pm10,µg/m³,100.0,24,24,21.46291666666667,5.63,48.55
2017-03-17T23:00:00Z,2017-03-18T23:00:00Z,10.8,pm10,µg/m³,100.0,24,24,10.812916666666666,6.2,18.03
2017-03-18T23:00:00Z,2017-03-19T23:00:00Z,10.9,pm10,µg/m³,100.0,24,24,10.936666666666667,7.83,16.95
2017-03-19T23:00:00Z,2017-03-20T23:00:00Z,8.29,pm10,µg/m³,100.0,24,24,8.293333333333335,0.83,38.95
2017-03-20T23:00:00Z,2017-03-21T23:00:00Z,6.61,pm10,µg/m³,96.0,23,24,6.6121739130434785,1.78,17.48
2017-03-21T23:00:00Z,2017-03-22T23:00:00Z,5.58,pm10,µg/m³,100.0,24,24,5.581666666666667,2.78,19.38
2017-03-22T23:00:00Z,2017-03-23T23:00:00Z,5.88,pm10,µg/m³,100.0,24,24,5.884166666666666,0.7,13.08
2017-03-23T23:00:00Z,2017-03-24T23:00:00Z,4.9,pm10,µg/m³,4.0,1,24,4.9,4.9,4.9
2017-03-26T22:00:00Z,2017-03-27T22:00:00Z,12.7,pm10,µg/m³,96.0,23,24,12.727391304347828,3.68,21.5
2017-03-27T22:00:00Z,2017-03-28T22:00:00Z,9.4,pm10,µg/m³,38.0,9,24,9.396666666666667,5.68,13.53
2017-03-28T22:00:00Z,2017-03-29T22:00:00Z,10.5,pm10,µg/m³,75.0,18,24,10.5,2.3,26.85
2017-03-29T22:00:00Z,2017-03-30T22:00:00Z,8.76,pm10,µg/m³,100.0,24,24,8.762500000000001,2.85,18.2
2017-03-30T22:00:00Z,2017-03-31T22:00:00Z,8.39,pm10,µg/m³,100.0,24,24,8.394166666666665,2.85,14.4
2017-03-31T22:00:00Z,2017-04-01T22:00:00Z,7.3,pm10,µg/m³,54.0,13,24,7.303846153846153,4.05,11.63
2017-04-01T22:00:00Z,2017-04-02T22:00:00Z,3.95,pm10,µg/m³,38.0,9,24,3.9522222222222223,1.88,8.93
2017-04-02T22:00:00Z,2017-04-03T22:00:00Z,12.5,pm10,µg/m³,100.0,24,24,12.524583333333332,6.13,24.8
2017-04-03T22:00:00Z,2017-04-04T22:00:00Z,15.5,pm10,µg/m³,100.0,24,24,15.464166666666669,0.0,25.93
2017-04-04T22:00:00Z,2017-04-05T22:00:00Z,19.3,pm10,µg/m³,100.0,24,24,19.27083333333333,0.0,50.7
2017-04-05T22:00:00Z,2017-04-06T22:00:00Z,18.6,pm10,µg/m³,100.0,24,24,18.570416666666663,10.9,24.7
2017-04-06T22:00:00Z,2017-04-07T22:00:00Z,20.1,pm10,µg/m³,100.0,24,24,20.14875,12.3,28.18
2017-04-07T22:00:00Z,2017-04-08T22:00:00Z,25.8,pm10,µg/m³,92.0,22,24,25.83045454545455,10.15,40.9
2017-04-08T22:00:00Z,2017-04-09T22:00:00Z,16.2,pm10,µg/m³,100.0,24,24,16.180416666666666,4.5,31.6
2017-04-09T22:00:00Z,2017-04-10T22:00:00Z,19.3,pm10,µg/m³,100.0,24,24,19.30333333333333,9.4,30.2
2017-04-10T22:00:00Z,2017-04-11T22:00:00Z,10.5,pm10,µg/m³,100.0,24,24,10.547916666666667,4.9,20.2
2017-04-11T22:00:00Z,2017-04-12T22:00:00Z,20.7,pm10,µg/m³,92.0,22,24,20.68818181818182,11.43,36.5
2017-04-12T22:00:00Z,2017-04-13T22:00:00Z,14.4,pm10,µg/m³,100.0,24,24,14.435,7.7,25.2
2017-04-13T22:00:00Z,2017-04-14T22:00:00Z,16.2,pm10,µg/m³,100.0,24,24,16.188750000000002,7.05,34.48
2017-04-14T22:00:00Z,2017-04-15T22:00:00Z,10.5,pm10,µg/m³,92.0,22,24,10.517272727272728,1.7,17.2
2017-04-15T22:00:00Z,2017-04-16T22:00:00Z,7.33,pm10,µg/m³,100.0,24,24,7.329166666666666,4.5,13.1
2017-04-16T22:00:00Z,2017-04-17T22:00:00Z,9.33,pm10,µg/m³,83.0,20,24,9.33,2.2,15.5
2017-04-17T22:00:00Z,2017-04-18T22:00:00Z,9.73,pm10,µg/m³,38.0,9,24,9.733333333333333,6.5,12.9
2017-04-18T22:00:00Z,2017-04-19T22:00:00Z,13.0,pm10,µg/m³,92.0,22,24,12.973636363636361,0.0,23.6
2017-04-19T22:00:00Z,2017-04-20T22:00:00Z,12.0,pm10,µg/m³,100.0,24,24,12.004166666666668,3.9,18.7
2017-04-20T22:00:00Z,2017-04-21T22:00:00Z,15.3,pm10,µg/m³,100.0,24,24,15.308750000000002,10.0,24.18
2017-04-21T22:00:00Z,2017-04-22T22:00:00Z,18.5,pm10,µg/m³,100.0,24,24,18.49,8.53,25.7
2017-04-22T22:00:00Z,2017-04-23T22:00:00Z,21.9,pm10,µg/m³,8.0,2,24,21.85,20.6,23.1
2017-04-23T22:00:00Z,2017-04-24T22:00:00Z,12.4,pm10,µg/m³,92.0,22,24,12.360454545454546,7.0,21.2
2017-04-24T22:00:00Z,2017-04-25T22:00:00Z,9.56,pm10,µg/m³,100.0,24,24,9.556666666666667,4.25,16.6
2017-04-25T22:00:00Z,2017-04-26T22:00:00Z,9.01,pm10,µg/m³,100.0,24,24,9.005833333333333,3.5,15.75
2017-04-26T22:00:00Z,2017-04-27T22:00:00Z,9.36,pm10,µg/m³,100.0,24,24,9.3575,3.63,18.58
2017-04-27T22:00:00Z,2017-04-28T22:00:00Z,10.5,pm10,µg/m³,100.0,24,24,10.542499999999997,4.7,18.28
2017-04-28T22:00:00Z,2017-04-29T22:00:00Z,8.01,pm10,µg/m³,83.0,20,24,8.013,4.43,12.88
2017-05-01T22:00:00Z,2017-05-02T22:00:00Z,3.72,pm10,µg/m³,71.0,17,24,3.715294117647059,0.03,7.0
2017-05-02T22:00:00Z,2017-05-03T22:00:00Z,8.99,pm10,µg/m³,21.0,5,24,8.994,4.43,12.6
2017-05-03T22:00:00Z,2017-05-04T22:00:00Z,9.89,pm10,µg/m³,17.0,4,24,9.8875,7.2,13.6
2017-05-09T22:00:00Z,2017-05-10T22:00:00Z,6.92,pm10,µg/m³,8.0,2,24,6.915,4.93,8.9
2017-05-10T22:00:00Z,2017-05-11T22:00:00Z,6.21,pm10,µg/m³,79.0,19,24,6.2084210526315795,3.5,8.88
2017-05-11T22:00:00Z,2017-05-12T22:00:00Z,7.64,pm10,µg/m³,8.0,2,24,7.640000000000001,7.28,8.0
2017-05-13T22:00:00Z,2017-05-14T22:00:00Z,7.26,pm10,µg/m³,50.0,12,24,7.2625,4.2,12.95
2017-05-14T22:00:00Z,2017-05-15T22:00:00Z,5.92,pm10,µg/m³,100.0,24,24,5.9175,0.53,14.1
2017-05-15T22:00:00Z,2017-05-16T22:00:00Z,6.91,pm10,µg/m³,96.0,23,24,6.90913043478261,1.8,16.35
2017-05-16T22:00:00Z,2017-05-17T22:00:00Z,7.58,pm10,µg/m³,54.0,13,24,7.576153846153847,4.5,9.98
2017-05-17T22:00:00Z,2017-05-18T22:00:00Z,4.99,pm10,µg/m³,71.0,17,24,4.991176470588236,1.6,10.25
2017-05-23T22:00:00Z,2017-05-24T22:00:00Z,9.55,pm10,µg/m³,92.0,22,24,9.545454545454545,6.73,15.23
2017-05-24T22:00:00Z,2017-05-25T22:00:00Z,11.7,pm10,µg/m³,100.0,24,24,11.683750000000002,6.0,25.73
2017-05-25T22:00:00Z,2017-05-26T22:00:00Z,10.9,pm10,µg/m³,100.0,24,24,10.8975,5.43,22.03
2017-05-26T22:00:00Z,2017-05-27T22:00:00Z,11.9,pm10,µg/m³,100.0,24,24,11.904166666666667,8.85,17.18
2017-05-27T22:00:00Z,2017-05-28T22:00:00Z,12.8,pm10,µg/m³,100.0,24,24,12.781666666666666,8.53,17.68
2017-05-28T22:00:00Z,2017-05-29T22:00:00Z,12.3,pm10,µg/m³,100.0,24,24,12.300416666666663,2.63,33.03
2017-05-29T22:00:00Z,2017-05-30T22:00:00Z,7.38,pm10,µg/m³,100.0,24,24,7.377499999999999,2.38,12.6
2017-05-30T22:00:00Z,2017-05-31T22:00:00Z,6.8,pm10,µg/m³,100.0,24,24,6.799999999999998,3.05,14.95
2017-05-31T22:00:00Z,2017-06-01T22:00:00Z,8.13,pm10,µg/m³,100.0,24,24,8.132083333333332,3.25,16.03
2017-06-01T22:00:00Z,2017-06-02T22:00:00Z,9.07,pm10,µg/m³,100.0,24,24,9.068333333333333,4.5,19.0
2017-06-02T22:00:00Z,2017-06-03T22:00:00Z,10.1,pm10,µg/m³,100.0,24,24,10.072500000000002,3.03,24.08
2017-06-03T22:00:00Z,2017-06-04T22:00:00Z,7.89,pm10,µg/m³,100.0,24,24,7.889166666666664,3.03,16.03
2017-06-04T22:00:00Z,2017-06-05T22:00:00Z,7.03,pm10,µg/m³,100.0,24,24,7.029583333333335,2.0,11.48
2017-06-05T22:00:00Z,2017-06-06T22:00:00Z,9.53,pm10,µg/m³,100.0,24,24,9.525416666666667,2.88,27.93
2017-06-06T22:00:00Z,2017-06-07T22:00:00Z,9.93,pm10,µg/m³,100.0,24,24,9.927500000000002,4.55,17.08
2017-06-07T22:00:00Z,2017-06-08T22:00:00Z,8.18,pm10,µg/m³,100.0,24,24,8.183333333333332,0.6,16.75
2017-06-08T22:00:00Z,2017-06-09T22:00:00Z,6.68,pm10,µg/m³,100.0,24,24,6.6762500000000005,1.6,12.4
2017-06-09T22:00:00Z,2017-06-10T22:00:00Z,8.74,pm10,µg/m³,100.0,24,24,8.741249999999999,4.0,14.05
2017-06-10T22:00:00Z,2017-06-11T22:00:00Z,8.07,pm10,µg/m³,100.0,24,24,8.074166666666668,3.78,14.4
2017-06-11T22:00:00Z,2017-06-12T22:00:00Z,9.1,pm10,µg/m³,100.0,24,24,9.101666666666668,5.05,14.73
2017-06-12T22:00:00Z,2017-06-13T22:00:00Z,11.6,pm10,µg/m³,96.0,23,24,11.60391304347826,7.95,16.35
2017-06-13T22:00:00Z,2017-06-14T22:00:00Z,7.67,pm10,µg/m³,75.0,18,24,7.674444444444445,0.0,14.08
2017-06-14T22:00:00Z,2017-06-15T22:00:00Z,0.0469,pm10,µg/m³,67.0,16,24,0.046875,0.0,0.4
2017-06-15T22:00:00Z,2017-06-16T22:00:00Z,4.86,pm10,µg/m³,96.0,23,24,4.861739130434782,0.0,24.78
2017-06-16T22:00:00Z,2017-06-17T22:00:00Z,13.1,pm10,µg/m³,100.0,24,24,13.142083333333334,6.28,21.08
2017-06-17T22:00:00Z,2017-06-18T22:00:00Z,12.6,pm10,µg/m³,100.0,24,24,12.64125,6.58,19.23
2017-06-18T22:00:00Z,2017-06-19T22:00:00Z,12.0,pm10,µg/m³,100.0,24,24,12.03291666666667,8.18,15.33
2017-06-19T22:00:00Z,2017-06-20T22:00:00Z,16.8,pm10,µg/m³,100.0,24,24,16.835416666666667,9.7,24.43
2017-06-20T22:00:00Z,2017-06-21T22:00:00Z,19.1,pm10,µg/m³,100.0,24,24,19.075000000000003,15.43,25.05
2017-06-21T22:00:00Z,2017-06-22T22:00:00Z,20.0,pm10,µg/m³,8.0,2,24,19.965,16.33,23.6
2017-06-22T22:00:00Z,2017-06-23T22:00:00Z,20.6,pm10,µg/m³,92.0,22,24,20.571818181818184,14.85,32.63
2017-06-23T22:00:00Z,2017-06-24T22:00:00Z,9.47,pm10,µg/m³,88.0,21,24,9.471428571428573,6.78,13.58
2017-06-24T22:00:00Z,2017-06-25T22:00:00Z,6.32,pm10,µg/m³,42.0,10,24,6.319000000000001,3.13,10.0
2017-06-25T22:00:00Z,2017-06-26T22:00:00Z,6.46,pm10,µg/m³,88.0,21,24,6.455714285714286,2.33,10.25
2017-06-26T22:00:00Z,2017-06-27T22:00:00Z,8.81,pm10,µg/m³,83.0,20,24,8.806,2.88,15.48
2017-06-27T22:00:00Z,2017-06-28T22:00:00Z,5.34,pm10,µg/m³,67.0,16,24,5.339999999999999,1.5,10.98
2017-06-28T22:00:00Z,2017-06-29T22:00:00Z,4.64,pm10,µg/m³,100.0,24,24,4.640833333333334,0.03,11.48
2017-06-29T22:00:00Z,2017-06-30T22:00:00Z,2.49,pm10,µg/m³,92.0,22,24,2.4913636363636362,0.53,5.98
2017-06-30T22:00:00Z,2017-07-01T22:00:00Z,10.8,pm10,µg/m³,83.0,20,24,10.754,2.1,27.85
2017-07-01T22:00:00Z,2017-07-02T22:00:00Z,10.1,pm10,µg/m³,88.0,21,24,10.055238095238096,4.7,14.45
2017-07-02T22:00:00Z,2017-07-03T22:00:00Z,7.15,pm10,µg/m³,83.0,20,24,7.146500000000001,0.03,16.2
2017-07-03T22:00:00Z,2017-07-04T22:00:00Z,9.14,pm10,µg/m³,17.0,4,24,9.1375,7.05,11.9
2017-07-04T22:00:00Z,2017-07-05T22:00:00Z,21.8,pm10,µg/m³,29.0,7,24,21.831428571428575,15.88,28.55
2017-07-05T22:00:00Z,2017-07-06T22:00:00Z,19.1,pm10,µg/m³,92.0,22,24,19.10363636363636,9.43,30.28
2017-07-06T22:00:00Z,2017-07-07T22:00:00Z,24.9,pm10,µg/m³,54.0,13,24,24.91,16.7,33.53
2017-07-07T22:00:00Z,2017-07-08T22:00:00Z,18.4,pm10,µg/m³,100.0,24,24,18.382083333333338,6.93,44.38
2017-07-08T22:00:00Z,2017-07-09T22:00:00Z,24.4,pm10,µg/m³,71.0,17,24,24.364705882352943,8.55,58.58
2017-07-09T22:00:00Z,2017-07-10T22:00:00Z,6.47,pm10,µg/m³,100.0,24,24,6.466666666666666,1.55,11.33
2017-07-10T22:00:00Z,2017-07-11T22:00:00Z,9.53,pm10,µg/m³,54.0,13,24,9.52923076923077,6.5,14.25
2017-07-11T22:00:00Z,2017-07-12T22:00:00Z,3.3,pm10,µg/m³,8.0,2,24,3.3,3.1,3.5
2017-07-14T22:00:00Z,2017-07-15T22:00:00Z,13.0,pm10,µg/m³,50.0,12,24,13.046666666666667,9.53,19.43
2017-07-15T22:00:00Z,2017-07-16T22:00:00Z,14.7,pm10,µg/m³,100.0,24,24,14.676666666666664,5.2,33.9
2017-07-16T22:00:00Z,2017-07-17T22:00:00Z,14.6,pm10,µg/m³,83.0,20,24,14.584,9.1,20.9
2018-04-24T22:00:00Z,2018-04-25T22:00:00Z,8.32,pm10,µg/m³,92.0,22,24,8.318181818181817,4.25,16.15
2018-04-25T22:00:00Z,2018-04-26T22:00:00Z,10.9,pm10,µg/m³,92.0,22,24,10.895454545454546,7.45,17.7
2018-04-26T22:00:00Z,2018-04-27T22:00:00Z,13.6,pm10,µg/m³,83.0,20,24,13.5935,3.4,36.03
2018-04-27T22:00:00Z,2018-04-28T22:00:00Z,9.31,pm10,µg/m³,92.0,22,24,9.306818181818183,4.83,14.95
2018-04-28T22:00:00Z,2018-04-29T22:00:00Z,4.36,pm10,µg/m³,71.0,17,24,4.358235294117647,0.5,9.53
2018-04-29T22:00:00Z,2018-04-30T22:00:00Z,2.75,pm10,µg/m³,92.0,22,24,2.745,0.05,10.2
2018-04-30T22:00:00Z,2018-05-01T22:00:00Z,7.76,pm10,µg/m³,92.0,22,24,7.7640909090909105,0.08,12.93
2018-05-01T22:00:00Z,2018-05-02T22:00:00Z,8.66,pm10,µg/m³,92.0,22,24,8.662727272727272,4.3,15.85
2018-05-02T22:00:00Z,2018-05-03T22:00:00Z,10.3,pm10,µg/m³,75.0,18,24,10.253333333333336,5.93,17.18
2018-05-03T22:00:00Z,2018-05-04T22:00:00Z,14.9,pm10,µg/m³,83.0,20,24,14.863,5.38,21.45
2018-05-04T22:00:00Z,2018-05-05T22:00:00Z,21.5,pm10,µg/m³,88.0,21,24,21.543809523809525,13.3,32.33
2018-05-05T22:00:00Z,2018-05-06T22:00:00Z,20.3,pm10,µg/m³,92.0,22,24,20.283636363636365,14.08,24.33
2018-05-06T22:00:00Z,2018-05-07T22:00:00Z,12.5,pm10,µg/m³,67.0,16,24,12.466875,8.83,15.58
2018-05-07T22:00:00Z,2018-05-08T22:00:00Z,12.9,pm10,µg/m³,88.0,21,24,12.896666666666668,5.75,29.73
2018-05-08T22:00:00Z,2018-05-09T22:00:00Z,13.1,pm10,µg/m³,71.0,17,24,13.092941176470589,7.53,17.53
2018-05-09T22:00:00Z,2018-05-10T22:00:00Z,11.6,pm10,µg/m³,58.0,14,24,11.644285714285713,8.75,14.75
2018-05-10T22:00:00Z,2018-05-11T22:00:00Z,8.72,pm10,µg/m³,83.0,20,24,8.7215,4.13,15.23
2018-05-11T22:00:00Z,2018-05-12T22:00:00Z,11.3,pm10,µg/m³,92.0,22,24,11.288181818181817,3.28,21.28
2018-05-12T22:00:00Z,2018-05-13T22:00:00Z,5.37,pm10,µg/m³,67.0,16,24,5.364999999999999,2.05,9.18
2018-05-13T22:00:00Z,2018-05-14T22:00:00Z,12.3,pm10,µg/m³,88.0,21,24,12.25952380952381,1.8,23.83
2018-05-14T22:00:00Z,2018-05-15T22:00:00Z,23.9,pm10,µg/m³,83.0,20,24,23.871,17.23,29.9
2018-05-15T22:00:00Z,2018-05-16T22:00:00Z,28.4,pm10,µg/m³,83.0,20,24,28.381999999999998,20.78,35.5
2018-05-16T22:00:00Z,2018-05-17T22:00:00Z,28.6,pm10,µg/m³,88.0,21,24,28.55380952380952,22.0,33.43
2018-05-17T22:00:00Z,2018-05-18T22:00:00Z,22.8,pm10,µg/m³,8.0,2,24,22.765,21.58,23.95
2018-05-18T22:00:00Z,2018-05-19T22:00:00Z,20.5,pm10,µg/m³,63.0,15,24,20.483999999999995,13.63,29.0
2018-05-19T22:00:00Z,2018-05-20T22:00:00Z,18.5,pm10,µg/m³,67.0,16,24,18.464375,8.58,28.2
2018-05-20T22:00:00Z,2018-05-21T22:00:00Z,9.41,pm10,µg/m³,63.0,15,24,9.411333333333335,6.48,12.58
2018-05-21T22:00:00Z,2018-05-22T22:00:00Z,16.9,pm10,µg/m³,38.0,9,24,16.918888888888887,9.23,23.78
2018-05-22T22:00:00Z,2018-05-23T22:00:00Z,17.6,pm10,µg/m³,54.0,13,24,17.563846153846153,5.18,30.7
2018-05-23T22:00:00Z,2018-05-24T22:00:00Z,11.7,pm10,µg/m³,38.0,9,24,11.703333333333335,8.2,15.4
2018-05-24T22:00:00Z,2018-05-25T22:00:00Z,11.1,pm10,µg/m³,54.0,13,24,11.146923076923077,7.03,18.1
2018-05-25T22:00:00Z,2018-05-26T22:00:00Z,11.9,pm10,µg/m³,88.0,21,24,11.913333333333334,4.65,34.73
2018-05-26T22:00:00Z,2018-05-27T22:00:00Z,5.91,pm10,µg/m³,83.0,20,24,5.907500000000001,2.88,9.18
2018-05-27T22:00:00Z,2018-05-28T22:00:00Z,9.25,pm10,µg/m³,92.0,22,24,9.250909090909092,5.0,17.8
2018-05-28T22:00:00Z,2018-05-29T22:00:00Z,8.38,pm10,µg/m³,50.0,12,24,8.374999999999998,3.75,21.08
2018-05-29T22:00:00Z,2018-05-30T22:00:00Z,6.8,pm10,µg/m³,71.0,17,24,6.802941176470588,2.53,11.85
2018-05-30T22:00:00Z,2018-05-31T22:00:00Z,0.412,pm10,µg/m³,92.0,22,24,0.41181818181818186,0.0,4.4
2018-05-31T22:00:00Z,2018-06-01T22:00:00Z,5.62,pm10,µg/m³,88.0,21,24,5.62,1.8,13.2
2018-06-01T22:00:00Z,2018-06-02T22:00:00Z,9.57,pm10,µg/m³,88.0,21,24,9.568571428571431,4.1,15.83
2018-06-02T22:00:00Z,2018-06-03T22:00:00Z,9.6,pm10,µg/m³,83.0,20,24,9.601999999999999,6.03,14.78
2018-06-03T22:00:00Z,2018-06-04T22:00:00Z,7.47,pm10,µg/m³,71.0,17,24,7.470588235294118,3.08,12.6
2018-06-04T22:00:00Z,2018-06-05T22:00:00Z,13.4,pm10,µg/m³,100.0,24,24,13.351666666666667,4.03,32.88
2018-06-05T22:00:00Z,2018-06-06T22:00:00Z,13.4,pm10,µg/m³,96.0,23,24,13.403478260869562,2.68,31.78
2018-06-06T22:00:00Z,2018-06-07T22:00:00Z,4.21,pm10,µg/m³,88.0,21,24,4.207142857142857,0.38,7.45
2018-06-07T22:00:00Z,2018-06-08T22:00:00Z,6.66,pm10,µg/m³,100.0,24,24,6.655833333333334,2.88,14.28
2018-06-08T22:00:00Z,2018-06-09T22:00:00Z,16.1,pm10,µg/m³,92.0,22,24,16.098636363636363,6.5,26.33
2018-06-09T22:00:00Z,2018-06-10T22:00:00Z,7.18,pm10,µg/m³,96.0,23,24,7.184782608695652,2.3,11.9
2018-06-10T22:00:00Z,2018-06-11T22:00:00Z,7.01,pm10,µg/m³,92.0,22,24,7.010454545454547,1.78,16.05
2018-06-11T22:00:00Z,2018-06-12T22:00:00Z,6.29,pm10,µg/m³,71.0,17,24,6.29235294117647,3.73,12.7
2018-06-12T22:00:00Z,2018-06-13T22:00:00Z,10.1,pm10,µg/m³,96.0,23,24,10.070869565217393,4.43,18.28
2018-06-13T22:00:00Z,2018-06-14T22:00:00Z,7.94,pm10,µg/m³,88.0,21,24,7.942380952380952,5.38,12.7
2018-06-14T22:00:00Z,2018-06-15T22:00:00Z,6.08,pm10,µg/m³,96.0,23,24,6.078260869565218,1.45,11.2
2018-06-15T22:00:00Z,2018-06-16T22:00:00Z,12.0,pm10,µg/m³,88.0,21,24,11.993333333333334,2.95,17.05
2018-06-16T22:00:00Z,2018-06-17T22:00:00Z,15.1,pm10,µg/m³,8.0,2,24,15.115,14.63,15.6
2018-06-17T22:00:00Z,2018-06-18T22:00:00Z,3.76,pm10,µg/m³,88.0,21,24,3.7561904761904774,0.35,9.38
2018-06-18T22:00:00Z,2018-06-19T22:00:00Z,4.07,pm10,µg/m³,96.0,23,24,4.074347826086957,1.98,7.15
2018-06-19T22:00:00Z,2018-06-20T22:00:00Z,8.14,pm10,µg/m³,100.0,24,24,8.139583333333333,3.6,31.3
2018-06-20T22:00:00Z,2018-06-21T22:00:00Z,11.4,pm10,µg/m³,92.0,22,24,11.376818181818182,5.23,22.85
2018-06-21T22:00:00Z,2018-06-22T22:00:00Z,11.4,pm10,µg/m³,46.0,11,24,11.369090909090907,4.8,15.95
2018-06-22T22:00:00Z,2018-06-23T22:00:00Z,12.4,pm10,µg/m³,100.0,24,24,12.398333333333333,6.63,36.18
2018-06-23T22:00:00Z,2018-06-24T22:00:00Z,11.0,pm10,µg/m³,100.0,24,24,11.035416666666665,7.85,16.65
2018-06-24T22:00:00Z,2018-06-25T22:00:00Z,8.76,pm10,µg/m³,100.0,24,24,8.764583333333333,0.0,14.8
2018-06-25T22:00:00Z,2018-06-26T22:00:00Z,10.4,pm10,µg/m³,79.0,19,24,10.440526315789475,7.7,14.73
2018-06-26T22:00:00Z,2018-06-27T22:00:00Z,15.8,pm10,µg/m³,75.0,18,24,15.787777777777778,9.95,22.63
2018-06-27T22:00:00Z,2018-06-28T22:00:00Z,18.3,pm10,µg/m³,79.0,19,24,18.252105263157894,10.83,24.15
2018-06-28T22:00:00Z,2018-06-29T22:00:00Z,18.4,pm10,µg/m³,100.0,24,24,18.353749999999994,10.65,24.15
2018-06-29T22:00:00Z,2018-06-30T22:00:00Z,16.2,pm10,µg/m³,96.0,23,24,16.160434782608696,8.13,43.68
2018-06-30T22:00:00Z,2018-07-01T22:00:00Z,15.3,pm10,µg/m³,92.0,22,24,15.312272727272727,9.25,22.8
2018-07-01T22:00:00Z,2018-07-02T22:00:00Z,9.72,pm10,µg/m³,100.0,24,24,9.722499999999998,3.45,19.93
2018-07-02T22:00:00Z,2018-07-03T22:00:00Z,7.31,pm10,µg/m³,92.0,22,24,7.307272727272727,5.05,10.03
2018-07-03T22:00:00Z,2018-07-04T22:00:00Z,6.92,pm10,µg/m³,96.0,23,24,6.918260869565217,4.03,10.7
2018-07-04T22:00:00Z,2018-07-05T22:00:00Z,8.29,pm10,µg/m³,100.0,24,24,8.286666666666665,3.68,15.33
2018-07-05T22:00:00Z,2018-07-06T22:00:00Z,15.7,pm10,µg/m³,88.0,21,24,15.730000000000002,9.5,21.48
2018-07-08T22:00:00Z,2018-07-09T22:00:00Z,21.5,pm10,µg/m³,4.0,1,24,21.48,21.48,21.48
2018-07-09T22:00:00Z,2018-07-10T22:00:00Z,15.7,pm10,µg/m³,100.0,24,24,15.71375,11.48,20.88
2018-07-10T22:00:00Z,2018-07-11T22:00:00Z,15.7,pm10,µg/m³,88.0,21,24,15.714285714285717,8.93,24.0
2018-07-11T22:00:00Z,2018-07-12T22:00:00Z,19.8,pm10,µg/m³,92.0,22,24,19.812272727272724,12.03,26.88
2018-07-12T22:00:00Z,2018-07-13T22:00:00Z,21.7,pm10,µg/m³,100.0,24,24,21.743750000000002,13.45,32.05
2018-07-13T22:00:00Z,2018-07-14T22:00:00Z,20.4,pm10,µg/m³,100.0,24,24,20.44333333333333,11.98,28.83
2018-07-14T22:00:00Z,2018-07-15T22:00:00Z,17.0,pm10,µg/m³,100.0,24,24,17.03083333333333,9.6,37.78
2018-07-15T22:00:00Z,2018-07-16T22:00:00Z,17.9,pm10,µg/m³,96.0,23,24,17.905217391304348,10.63,29.33
2018-07-17T22:00:00Z,2018-07-18T22:00:00Z,13.6,pm10,µg/m³,92.0,22,24,13.62909090909091,3.55,52.1
2018-07-18T22:00:00Z,2018-07-19T22:00:00Z,16.1,pm10,µg/m³,96.0,23,24,16.069565217391304,8.5,32.33
2018-07-19T22:00:00Z,2018-07-20T22:00:00Z,6.18,pm10,µg/m³,100.0,24,24,6.182083333333334,2.73,15.8
2018-07-20T22:00:00Z,2018-07-21T22:00:00Z,12.3,pm10,µg/m³,100.0,24,24,12.252916666666666,7.55,19.0
2018-07-21T22:00:00Z,2018-07-22T22:00:00Z,11.6,pm10,µg/m³,100.0,24,24,11.582500000000001,6.98,18.18
2018-07-22T22:00:00Z,2018-07-23T22:00:00Z,15.6,pm10,µg/m³,54.0,13,24,15.587692307692306,9.85,21.53
2018-07-23T22:00:00Z,2018-07-24T22:00:00Z,18.4,pm10,µg/m³,54.0,13,24,18.35076923076923,13.45,26.33
2018-07-25T22:00:00Z,2018-07-26T22:00:00Z,18.5,pm10,µg/m³,71.0,17,24,18.49294117647059,0.0,28.8
2018-07-26T22:00:00Z,2018-07-27T22:00:00Z,18.4,pm10,µg/m³,92.0,22,24,18.361818181818183,0.0,27.2
2018-07-27T22:00:00Z,2018-07-28T22:00:00Z,11.4,pm10,µg/m³,96.0,23,24,11.37,3.7,16.28
2018-07-28T22:00:00Z,2018-07-29T22:00:00Z,10.8,pm10,µg/m³,100.0,24,24,10.785416666666668,5.75,14.6
2018-07-29T22:00:00Z,2018-07-30T22:00:00Z,8.79,pm10,µg/m³,100.0,24,24,8.792083333333334,5.93,12.6
2018-07-30T22:00:00Z,2018-07-31T22:00:00Z,6.91,pm10,µg/m³,100.0,24,24,6.912500000000001,3.4,10.9
2018-07-31T22:00:00Z,2018-08-01T22:00:00Z,8.99,pm10,µg/m³,100.0,24,24,8.987083333333333,3.93,16.2
2018-08-01T22:00:00Z,2018-08-02T22:00:00Z,15.2,pm10,µg/m³,100.0,24,24,15.174166666666665,9.53,22.7
2018-08-02T22:00:00Z,2018-08-03T22:00:00Z,19.8,pm10,µg/m³,92.0,22,24,19.767272727272726,12.1,29.5
2018-08-03T22:00:00Z,2018-08-04T22:00:00Z,17.0,pm10,µg/m³,100.0,24,24,16.97125,8.5,28.1
2018-08-04T22:00:00Z,2018-08-05T22:00:00Z,13.4,pm10,µg/m³,100.0,24,24,13.387500000000001,6.7,20.3
2018-08-05T22:00:00Z,2018-08-06T22:00:00Z,7.89,pm10,µg/m³,75.0,18,24,7.890555555555555,0.0,15.1
2018-08-06T22:00:00Z,2018-08-07T22:00:00Z,0.585,pm10,µg/m³,54.0,13,24,0.5846153846153846,0.0,3.5
2018-08-07T22:00:00Z,2018-08-08T22:00:00Z,5.41,pm10,µg/m³,83.0,20,24,5.405,0.0,14.9
2018-08-08T22:00:00Z,2018-08-09T22:00:00Z,7.75,pm10,µg/m³,92.0,22,24,7.752727272727273,0.5,29.7
2018-08-09T22:00:00Z,2018-08-10T22:00:00Z,6.09,pm10,µg/m³,100.0,24,24,6.090833333333332,1.35,11.1
2018-08-10T22:00:00Z,2018-08-11T22:00:00Z,5.58,pm10,µg/m³,79.0,19,24,5.58421052631579,2.5,9.6
2018-08-11T22:00:00Z,2018-08-12T22:00:00Z,6.08,pm10,µg/m³,46.0,11,24,6.081818181818181,0.0,15.9
2018-08-12T22:00:00Z,2018-08-13T22:00:00Z,5.32,pm10,µg/m³,100.0,24,24,5.315,1.1,14.3
2018-08-13T22:00:00Z,2018-08-14T22:00:00Z,6.09,pm10,µg/m³,96.0,23,24,6.088260869565219,3.2,11.9
2018-08-14T22:00:00Z,2018-08-15T22:00:00Z,6.01,pm10,µg/m³,71.0,17,24,6.011764705882354,3.0,12.5
2018-08-16T22:00:00Z,2018-08-17T22:00:00Z,11.3,pm10,µg/m³,63.0,15,24,11.308,4.43,18.18
2018-08-17T22:00:00Z,2018-08-18T22:00:00Z,11.1,pm10,µg/m³,96.0,23,24,11.119565217391306,8.33,15.1
2018-08-18T22:00:00Z,2018-08-19T22:00:00Z,10.1,pm10,µg/m³,79.0,19,24,10.112631578947369,6.7,15.08
2018-08-19T22:00:00Z,2018-08-20T22:00:00Z,8.73,pm10,µg/m³,100.0,24,24,8.727083333333335,4.0,15.6
2018-08-20T22:00:00Z,2018-08-21T22:00:00Z,7.3,pm10,µg/m³,54.0,13,24,7.303076923076924,4.2,12.08
2018-08-21T22:00:00Z,2018-08-22T22:00:00Z,13.7,pm10,µg/m³,38.0,9,24,13.720000000000002,11.0,17.7
2018-08-22T22:00:00Z,2018-08-23T22:00:00Z,15.9,pm10,µg/m³,67.0,16,24,15.860000000000001,7.4,22.5
2018-08-23T22:00:00Z,2018-08-24T22:00:00Z,11.6,pm10,µg/m³,13.0,3,24,11.566666666666668,6.8,19.7
2018-08-24T22:00:00Z,2018-08-25T22:00:00Z,7.75,pm10,µg/m³,92.0,22,24,7.754545454545454,1.2,12.8
2018-08-25T22:00:00Z,2018-08-26T22:00:00Z,5.3,pm10,µg/m³,96.0,23,24,5.304347826086958,2.0,9.5
2018-08-26T22:00:00Z,2018-08-27T22:00:00Z,9.08,pm10,µg/m³,83.0,20,24,9.079999999999998,0.9,21.5
2018-08-27T22:00:00Z,2018-08-28T22:00:00Z,13.6,pm10,µg/m³,100.0,24,24,13.5875,3.3,26.0
2018-08-28T22:00:00Z,2018-08-29T22:00:00Z,8.34,pm10,µg/m³,96.0,23,24,8.343478260869565,1.8,14.1
2018-08-29T22:00:00Z,2018-08-30T22:00:00Z,9.35,pm10,µg/m³,100.0,24,24,9.345833333333335,4.3,21.0
2018-08-30T22:00:00Z,2018-08-31T22:00:00Z,11.3,pm10,µg/m³,92.0,22,24,11.3,6.9,20.5
2018-08-31T22:00:00Z,2018-09-01T22:00:00Z,10.2,pm10,µg/m³,100.0,24,24,10.195833333333333,6.0,15.0
2018-09-01T22:00:00Z,2018-09-02T22:00:00Z,10.8,pm10,µg/m³,96.0,23,24,10.81304347826087,5.9,57.3
2018-09-02T22:00:00Z,2018-09-03T22:00:00Z,15.1,pm10,µg/m³,83.0,20,24,15.1,8.0,32.9
2018-09-03T22:00:00Z,2018-09-04T22:00:00Z,19.9,pm10,µg/m³,58.0,14,24,19.899999999999995,11.0,33.9
2018-09-04T22:00:00Z,2018-09-05T22:00:00Z,18.2,pm10,µg/m³,100.0,24,24,18.15833333333333,9.5,27.1
2018-09-05T22:00:00Z,2018-09-06T22:00:00Z,15.1,pm10,µg/m³,96.0,23,24,15.139130434782608,10.6,25.2
2018-09-06T22:00:00Z,2018-09-07T22:00:00Z,7.46,pm10,µg/m³,96.0,23,24,7.460869565217391,0.0,12.5
2018-09-07T22:00:00Z,2018-09-08T22:00:00Z,7.88,pm10,µg/m³,96.0,23,24,7.878260869565219,3.5,14.1
2018-09-08T22:00:00Z,2018-09-09T22:00:00Z,5.24,pm10,µg/m³,96.0,23,24,5.239130434782609,1.7,10.5
2018-09-09T22:00:00Z,2018-09-10T22:00:00Z,12.8,pm10,µg/m³,96.0,23,24,12.782608695652174,8.5,21.3
2018-09-10T22:00:00Z,2018-09-11T22:00:00Z,13.3,pm10,µg/m³,88.0,21,24,13.323809523809526,7.6,24.1
2018-09-11T22:00:00Z,2018-09-12T22:00:00Z,21.3,pm10,µg/m³,100.0,24,24,21.3125,10.7,63.3
2018-09-12T22:00:00Z,2018-09-13T22:00:00Z,13.7,pm10,µg/m³,96.0,23,24,13.665217391304346,8.4,24.6
2018-09-13T22:00:00Z,2018-09-14T22:00:00Z,13.2,pm10,µg/m³,63.0,15,24,13.180000000000003,7.9,21.2
2018-09-17T22:00:00Z,2018-09-18T22:00:00Z,5.3,pm10,µg/m³,88.0,21,24,5.295238095238095,0.0,13.9
2018-09-18T22:00:00Z,2018-09-19T22:00:00Z,16.1,pm10,µg/m³,100.0,24,24,16.13333333333333,8.4,26.8
2018-09-19T22:00:00Z,2018-09-20T22:00:00Z,13.6,pm10,µg/m³,100.0,24,24,13.616666666666669,7.3,19.2
2018-09-20T22:00:00Z,2018-09-21T22:00:00Z,12.5,pm10,µg/m³,58.0,14,24,12.514285714285716,6.9,16.6
2018-09-21T22:00:00Z,2018-09-22T22:00:00Z,6.58,pm10,µg/m³,38.0,9,24,6.577777777777778,4.5,10.9
2018-09-22T22:00:00Z,2018-09-23T22:00:00Z,3.42,pm10,µg/m³,83.0,20,24,3.4200000000000004,0.1,12.0
2018-09-23T22:00:00Z,2018-09-24T22:00:00Z,8.0,pm10,µg/m³,100.0,24,24,8.004166666666666,2.9,12.3
2018-09-24T22:00:00Z,2018-09-25T22:00:00Z,8.67,pm10,µg/m³,100.0,24,24,8.666666666666668,5.4,13.9
2018-09-25T22:00:00Z,2018-09-26T22:00:00Z,9.06,pm10,µg/m³,96.0,23,24,9.06086956521739,5.8,22.0
2018-09-26T22:00:00Z,2018-09-27T22:00:00Z,14.6,pm10,µg/m³,100.0,24,24,14.645833333333334,9.0,23.4
2018-09-27T22:00:00Z,2018-09-28T22:00:00Z,20.3,pm10,µg/m³,100.0,24,24,20.325,11.4,41.0
2018-09-28T22:00:00Z,2018-09-29T22:00:00Z,12.5,pm10,µg/m³,83.0,20,24,12.485,6.9,16.7
2018-09-29T22:00:00Z,2018-09-30T22:00:00Z,11.4,pm10,µg/m³,100.0,24,24,11.4,6.7,16.5
2018-09-30T22:00:00Z,2018-10-01T22:00:00Z,10.7,pm10,µg/m³,92.0,22,24,10.70909090909091,7.7,13.9
2018-10-01T22:00:00Z,2018-10-02T22:00:00Z,10.5,pm10,µg/m³,88.0,21,24,10.452380952380953,2.6,18.7
2018-10-02T22:00:00Z,2018-10-03T22:00:00Z,11.3,pm10,µg/m³,100.0,24,24,11.299999999999999,4.9,20.6
2018-10-03T22:00:00Z,2018-10-04T22:00:00Z,11.4,pm10,µg/m³,83.0,20,24,11.444999999999999,2.4,25.7
2018-10-04T22:00:00Z,2018-10-05T22:00:00Z,13.6,pm10,µg/m³,88.0,21,24,13.623809523809522,7.0,25.5
2018-10-05T22:00:00Z,2018-10-06T22:00:00Z,14.0,pm10,µg/m³,100.0,24,24,13.991666666666667,3.3,26.9
2018-10-06T22:00:00Z,2018-10-07T22:00:00Z,5.16,pm10,µg/m³,100.0,24,24,5.1625000000000005,1.0,13.4
2018-10-07T22:00:00Z,2018-10-08T22:00:00Z,14.1,pm10,µg/m³,92.0,22,24,14.140909090909089,10.4,22.1
2018-10-08T22:00:00Z,2018-10-09T22:00:00Z,17.8,pm10,µg/m³,96.0,23,24,17.752173913043475,9.1,31.7
2018-10-09T22:00:00Z,2018-10-10T22:00:00Z,10.6,pm10,µg/m³,63.0,15,24,10.593333333333334,5.2,18.1
2018-10-10T22:00:00Z,2018-10-11T22:00:00Z,7.06,pm10,µg/m³,21.0,5,24,7.06,1.0,22.2
2018-10-11T22:00:00Z,2018-10-12T22:00:00Z,16.9,pm10,µg/m³,75.0,18,24,16.927777777777777,7.0,118.6
2018-10-12T22:00:00Z,2018-10-13T22:00:00Z,7.82,pm10,µg/m³,92.0,22,24,7.822727272727277,5.3,14.0
2018-10-13T22:00:00Z,2018-10-14T22:00:00Z,11.0,pm10,µg/m³,92.0,22,24,10.959090909090909,7.3,15.1
2018-10-15T22:00:00Z,2018-10-16T22:00:00Z,14.8,pm10,µg/m³,92.0,22,24,14.836363636363638,8.6,20.0
2018-10-16T22:00:00Z,2018-10-17T22:00:00Z,14.0,pm10,µg/m³,100.0,24,24,14.033333333333331,7.0,23.6
2018-10-17T22:00:00Z,2018-10-18T22:00:00Z,27.3,pm10,µg/m³,92.0,22,24,27.322727272727278,13.5,34.9
2018-10-18T22:00:00Z,2018-10-19T22:00:00Z,30.0,pm10,µg/m³,100.0,24,24,30.02916666666667,19.8,41.1
2018-10-19T22:00:00Z,2018-10-20T22:00:00Z,31.3,pm10,µg/m³,100.0,24,24,31.279166666666665,14.8,41.8
2018-10-20T22:00:00Z,2018-10-21T22:00:00Z,23.9,pm10,µg/m³,100.0,24,24,23.925,7.4,36.3
2018-10-21T22:00:00Z,2018-10-22T22:00:00Z,21.5,pm10,µg/m³,100.0,24,24,21.450000000000003,9.6,45.6
2018-10-22T22:00:00Z,2018-10-23T22:00:00Z,20.3,pm10,µg/m³,100.0,24,24,20.341666666666665,15.4,26.6
2018-10-23T22:00:00Z,2018-10-24T22:00:00Z,21.8,pm10,µg/m³,100.0,24,24,21.83333333333333,13.7,35.6
2018-10-24T22:00:00Z,2018-10-25T22:00:00Z,20.1,pm10,µg/m³,100.0,24,24,20.054166666666667,11.6,35.6
2018-10-25T22:00:00Z,2018-10-26T22:00:00Z,15.0,pm10,µg/m³,100.0,24,24,14.970833333333331,5.2,36.2
2018-10-26T22:00:00Z,2018-10-27T22:00:00Z,8.96,pm10,µg/m³,100.0,24,24,8.962500000000002,4.0,19.0
2018-10-27T22:00:00Z,2018-10-28T23:00:00Z,14.0,pm10,µg/m³,100.0,24,24,13.987500000000002,9.5,18.1
2018-10-28T23:00:00Z,2018-10-29T23:00:00Z,14.0,pm10,µg/m³,96.0,23,24,13.96521739130435,6.8,21.6
2018-10-29T23:00:00Z,2018-10-30T23:00:00Z,10.3,pm10,µg/m³,92.0,22,24,10.25,6.3,20.4
2018-10-30T23:00:00Z,2018-10-31T23:00:00Z,10.2,pm10,µg/m³,100.0,24,24,10.204166666666667,5.6,14.8
2018-10-31T23:00:00Z,2018-11-01T23:00:00Z,5.04,pm10,µg/m³,92.0,22,24,5.036363636363637,0.5,12.0
2018-11-01T23:00:00Z,2018-11-02T23:00:00Z,9.91,pm10,µg/m³,83.0,20,24,9.904999999999998,1.4,22.7
2018-11-02T23:00:00Z,2018-11-03T23:00:00Z,25.1,pm10,µg/m³,33.0,8,24,25.099999999999998,20.1,30.2
2018-11-03T23:00:00Z,2018-11-04T23:00:00Z,18.4,pm10,µg/m³,67.0,16,24,18.368750000000002,10.3,32.9
2018-11-04T23:00:00Z,2018-11-05T23:00:00Z,16.6,pm10,µg/m³,100.0,24,24,16.575,6.1,37.6
2018-11-05T23:00:00Z,2018-11-06T23:00:00Z,6.2,pm10,µg/m³,100.0,24,24,6.204166666666667,1.5,18.0
2018-11-06T23:00:00Z,2018-11-07T23:00:00Z,4.43,pm10,µg/m³,100.0,24,24,4.433333333333334,1.8,8.1
2018-11-07T23:00:00Z,2018-11-08T23:00:00Z,10.3,pm10,µg/m³,92.0,22,24,10.281818181818183,2.3,21.2
2018-11-08T23:00:00Z,2018-11-09T23:00:00Z,10.8,pm10,µg/m³,96.0,23,24,10.77391304347826,5.9,17.7
2018-11-09T23:00:00Z,2018-11-10T23:00:00Z,4.05,pm10,µg/m³,92.0,22,24,4.05,0.1,10.5
2018-11-10T23:00:00Z,2018-11-11T23:00:00Z,6.87,pm10,µg/m³,100.0,24,24,6.870833333333334,2.7,15.8
2018-11-11T23:00:00Z,2018-11-12T23:00:00Z,6.61,pm10,µg/m³,100.0,24,24,6.608333333333334,0.1,15.0
2018-11-12T23:00:00Z,2018-11-13T23:00:00Z,10.7,pm10,µg/m³,100.0,24,24,10.658333333333333,6.0,28.1
2018-11-13T23:00:00Z,2018-11-14T23:00:00Z,23.4,pm10,µg/m³,4.0,1,24,23.4,23.4,23.4
2018-11-14T23:00:00Z,2018-11-15T23:00:00Z,12.1,pm10,µg/m³,96.0,23,24,12.143478260869568,2.3,28.8
2018-11-15T23:00:00Z,2018-11-16T23:00:00Z,6.4,pm10,µg/m³,67.0,16,24,6.4,3.7,11.0
2018-11-16T23:00:00Z,2018-11-17T23:00:00Z,17.1,pm10,µg/m³,75.0,18,24,17.06666666666667,5.6,29.5
2018-11-17T23:00:00Z,2018-11-18T23:00:00Z,16.7,pm10,µg/m³,92.0,22,24,16.654545454545453,9.7,26.4
2018-11-18T23:00:00Z,2018-11-19T23:00:00Z,11.1,pm10,µg/m³,88.0,21,24,11.114285714285714,6.3,14.6
2018-11-19T23:00:00Z,2018-11-20T23:00:00Z,13.9,pm10,µg/m³,79.0,19,24,13.947368421052632,4.2,24.2
2018-11-20T23:00:00Z,2018-11-21T23:00:00Z,30.9,pm10,µg/m³,67.0,16,24,30.887500000000003,0.0,47.3
2018-11-21T23:00:00Z,2018-11-22T23:00:00Z,20.6,pm10,µg/m³,100.0,24,24,20.570833333333336,11.2,46.7
2018-11-22T23:00:00Z,2018-11-23T23:00:00Z,14.6,pm10,µg/m³,100.0,24,24,14.620833333333332,7.4,31.9
2018-11-23T23:00:00Z,2018-11-24T23:00:00Z,7.41,pm10,µg/m³,88.0,21,24,7.4142857142857155,2.2,17.1
2018-11-24T23:00:00Z,2018-11-25T23:00:00Z,8.66,pm10,µg/m³,83.0,20,24,8.66,4.0,10.9
2018-11-25T23:00:00Z,2018-11-26T23:00:00Z,15.3,pm10,µg/m³,100.0,24,24,15.287500000000003,0.0,25.8
2018-11-26T23:00:00Z,2018-11-27T23:00:00Z,16.8,pm10,µg/m³,88.0,21,24,16.752380952380953,8.6,24.7
2018-11-27T23:00:00Z,2018-11-28T23:00:00Z,7.82,pm10,µg/m³,88.0,21,24,7.823809523809524,4.3,10.9
2018-11-28T23:00:00Z,2018-11-29T23:00:00Z,14.4,pm10,µg/m³,46.0,11,24,14.41818181818182,7.4,50.5
2018-11-29T23:00:00Z,2018-11-30T23:00:00Z,9.77,pm10,µg/m³,13.0,3,24,9.766666666666667,8.7,11.0
2018-11-30T23:00:00Z,2018-12-01T23:00:00Z,1.22,pm10,µg/m³,25.0,6,24,1.2166666666666666,0.1,2.7
2018-12-01T23:00:00Z,2018-12-02T23:00:00Z,1.19,pm10,µg/m³,75.0,18,24,1.1888888888888889,0.0,3.2
2018-12-02T23:00:00Z,2018-12-03T23:00:00Z,3.68,pm10,µg/m³,75.0,18,24,3.677777777777778,0.7,7.8
2018-12-03T23:00:00Z,2018-12-04T23:00:00Z,14.4,pm10,µg/m³,71.0,17,24,14.358823529411765,5.7,33.6
2018-12-04T23:00:00Z,2018-12-05T23:00:00Z,29.0,pm10,µg/m³,71.0,17,24,29.035294117647055,3.6,105.0
2018-12-05T23:00:00Z,2018-12-06T23:00:00Z,3.08,pm10,µg/m³,67.0,16,24,3.075,0.7,8.9
2018-12-06T23:00:00Z,2018-12-07T23:00:00Z,5.89,pm10,µg/m³,54.0,13,24,5.892307692307693,1.1,11.9
2018-12-08T23:00:00Z,2018-12-09T23:00:00Z,18.3,pm10,µg/m³,25.0,6,24,18.250000000000004,14.6,24.9
2018-12-09T23:00:00Z,2018-12-10T23:00:00Z,10.8,pm10,µg/m³,13.0,3,24,10.833333333333334,9.5,12.0
2018-12-15T23:00:00Z,2018-12-16T23:00:00Z,7.03,pm10,µg/m³,96.0,23,24,7.0260869565217385,1.2,15.5
2018-12-16T23:00:00Z,2018-12-17T23:00:00Z,10.4,pm10,µg/m³,83.0,20,24,10.434999999999999,3.6,16.6
2018-12-17T23:00:00Z,2018-12-18T23:00:00Z,6.64,pm10,µg/m³,100.0,24,24,6.641666666666667,2.6,13.9
2018-12-18T23:00:00Z,2018-12-19T23:00:00Z,4.73,pm10,µg/m³,100.0,24,24,4.7250000000000005,1.6,9.3
2018-12-19T23:00:00Z,2018-12-20T23:00:00Z,8.55,pm10,µg/m³,33.0,8,24,8.55,5.5,11.6
2018-12-20T23:00:00Z,2018-12-21T23:00:00Z,4.41,pm10,µg/m³,29.0,7,24,4.414285714285715,1.0,8.6
2018-12-21T23:00:00Z,2018-12-22T23:00:00Z,13.3,pm10,µg/m³,100.0,24,24,13.337500000000004,2.2,19.3
2018-12-22T23:00:00Z,2018-12-23T23:00:00Z,16.3,pm10,µg/m³,42.0,10,24,16.25,6.4,23.1
2018-12-23T23:00:00Z,2018-12-24T23:00:00Z,6.09,pm10,µg/m³,83.0,20,24,6.084999999999999,0.0,16.2
2018-12-24T23:00:00Z,2018-12-25T23:00:00Z,13.3,pm10,µg/m³,100.0,24,24,13.345833333333333,5.1,24.0
2018-12-25T23:00:00Z,2018-12-26T23:00:00Z,12.1,pm10,µg/m³,100.0,24,24,12.074999999999998,5.0,19.1
2018-12-26T23:00:00Z,2018-12-27T23:00:00Z,12.5,pm10,µg/m³,33.0,8,24,12.512500000000001,9.5,21.4
2018-12-27T23:00:00Z,2018-12-28T23:00:00Z,14.1,pm10,µg/m³,33.0,8,24,14.087499999999999,10.0,17.3
2018-12-28T23:00:00Z,2018-12-29T23:00:00Z,21.8,pm10,µg/m³,100.0,24,24,21.84583333333333,16.7,26.7
2018-12-29T23:00:00Z,2018-12-30T23:00:00Z,16.2,pm10,µg/m³,100.0,24,24,16.158333333333335,8.2,27.0
2018-12-30T23:00:00Z,2018-12-31T23:00:00Z,7.46,pm10,µg/m³,21.0,5,24,7.459999999999999,3.8,11.3
2019-01-01T23:00:00Z,2019-01-02T23:00:00Z,13.9,pm10,µg/m³,83.0,20,24,13.9,7.2,24.4
2019-01-02T23:00:00Z,2019-01-03T23:00:00Z,19.7,pm10,µg/m³,100.0,24,24,19.7,11.8,30.3
2019-01-03T23:00:00Z,2019-01-04T23:00:00Z,23.1,pm10,µg/m³,33.0,8,24,23.137500000000003,19.8,27.4
2019-01-05T23:00:00Z,2019-01-06T23:00:00Z,20.7,pm10,µg/m³,100.0,24,24,20.712500000000002,15.1,26.5
2019-01-06T23:00:00Z,2019-01-07T23:00:00Z,22.2,pm10,µg/m³,100.0,24,24,22.22083333333333,9.4,35.9
2019-01-07T23:00:00Z,2019-01-08T23:00:00Z,15.1,pm10,µg/m³,100.0,24,24,15.095833333333333,9.3,25.2
2019-01-08T23:00:00Z,2019-01-09T23:00:00Z,18.7,pm10,µg/m³,21.0,5,24,18.7,15.7,21.6
2019-01-09T23:00:00Z,2019-01-10T23:00:00Z,16.8,pm10,µg/m³,79.0,19,24,16.757894736842104,11.4,22.5
2019-01-10T23:00:00Z,2019-01-11T23:00:00Z,24.4,pm10,µg/m³,33.0,8,24,24.4,21.9,27.0
2019-01-12T23:00:00Z,2019-01-13T23:00:00Z,1.4,pm10,µg/m³,4.0,1,24,1.4,1.4,1.4
2019-01-13T23:00:00Z,2019-01-14T23:00:00Z,12.2,pm10,µg/m³,96.0,23,24,12.217391304347826,2.9,22.4
2019-01-14T23:00:00Z,2019-01-15T23:00:00Z,13.5,pm10,µg/m³,100.0,24,24,13.47916666666667,6.4,21.7
2019-01-15T23:00:00Z,2019-01-16T23:00:00Z,20.2,pm10,µg/m³,33.0,8,24,20.2,16.1,23.3
2019-01-17T23:00:00Z,2019-01-18T23:00:00Z,15.2,pm10,µg/m³,75.0,18,24,15.183333333333334,6.8,24.4
2019-01-18T23:00:00Z,2019-01-19T23:00:00Z,14.3,pm10,µg/m³,71.0,17,24,14.323529411764707,5.4,34.8
2019-01-19T23:00:00Z,2019-01-20T23:00:00Z,14.1,pm10,µg/m³,88.0,21,24,14.076190476190474,8.6,23.0
2019-01-20T23:00:00Z,2019-01-21T23:00:00Z,34.9,pm10,µg/m³,92.0,22,24,34.89090909090909,10.3,44.3
2019-01-21T23:00:00Z,2019-01-22T23:00:00Z,19.3,pm10,µg/m³,92.0,22,24,19.254545454545454,6.4,32.0
2019-01-22T23:00:00Z,2019-01-23T23:00:00Z,6.85,pm10,µg/m³,100.0,24,24,6.8500000000000005,1.8,21.8
2019-01-23T23:00:00Z,2019-01-24T23:00:00Z,18.8,pm10,µg/m³,75.0,18,24,18.77777777777778,11.5,29.7
2019-01-24T23:00:00Z,2019-01-25T23:00:00Z,15.3,pm10,µg/m³,79.0,19,24,15.28947368421052,7.0,22.2
2019-01-25T23:00:00Z,2019-01-26T23:00:00Z,5.58,pm10,µg/m³,83.0,20,24,5.574999999999999,0.7,14.0
2019-01-26T23:00:00Z,2019-01-27T23:00:00Z,7.08,pm10,µg/m³,83.0,20,24,7.075,2.4,16.3
2019-01-27T23:00:00Z,2019-01-28T23:00:00Z,9.32,pm10,µg/m³,79.0,19,24,9.315789473684212,5.2,14.5
2019-01-28T23:00:00Z,2019-01-29T23:00:00Z,8.81,pm10,µg/m³,79.0,19,24,8.810526315789474,2.2,13.9
2019-01-29T23:00:00Z,2019-01-30T23:00:00Z,4.67,pm10,µg/m³,88.0,21,24,4.6714285714285735,1.4,9.4
2019-01-30T23:00:00Z,2019-01-31T23:00:00Z,4.39,pm10,µg/m³,92.0,22,24,4.386363636363636,0.1,10.3
2019-01-31T23:00:00Z,2019-02-01T23:00:00Z,7.32,pm10,µg/m³,75.0,18,24,7.322222222222223,2.2,12.8
2019-02-01T23:00:00Z,2019-02-02T23:00:00Z,12.8,pm10,µg/m³,67.0,16,24,12.8,9.0,17.0
2019-02-02T23:00:00Z,2019-02-03T23:00:00Z,14.8,pm10,µg/m³,92.0,22,24,14.831818181818182,4.9,42.0
2019-02-03T23:00:00Z,2019-02-04T23:00:00Z,10.3,pm10,µg/m³,71.0,17,24,10.282352941176471,7.6,12.6
2019-02-04T23:00:00Z,2019-02-05T23:00:00Z,13.6,pm10,µg/m³,42.0,10,24,13.59,9.2,25.2
2019-02-10T23:00:00Z,2019-02-11T23:00:00Z,12.0,pm10,µg/m³,71.0,17,24,11.994117647058824,6.9,26.8
2019-02-12T23:00:00Z,2019-02-13T23:00:00Z,21.6,pm10,µg/m³,75.0,18,24,21.622222222222224,6.7,59.0
2019-02-13T23:00:00Z,2019-02-14T23:00:00Z,25.5,pm10,µg/m³,54.0,13,24,25.523076923076914,16.2,38.9
2019-02-14T23:00:00Z,2019-02-15T23:00:00Z,33.3,pm10,µg/m³,83.0,20,24,33.27499999999999,16.5,57.4
2019-02-16T23:00:00Z,2019-02-17T23:00:00Z,8.63,pm10,µg/m³,58.0,14,24,8.628571428571428,4.8,26.4
2019-02-17T23:00:00Z,2019-02-18T23:00:00Z,15.3,pm10,µg/m³,100.0,24,24,15.25,6.6,35.9
2019-02-18T23:00:00Z,2019-02-19T23:00:00Z,17.9,pm10,µg/m³,100.0,24,24,17.858333333333334,5.2,29.8
2019-02-19T23:00:00Z,2019-02-20T23:00:00Z,35.7,pm10,µg/m³,4.0,1,24,35.7,35.7,35.7
2019-02-20T23:00:00Z,2019-02-21T23:00:00Z,28.3,pm10,µg/m³,67.0,16,24,28.318749999999998,18.4,39.5
2019-02-21T23:00:00Z,2019-02-22T23:00:00Z,40.6,pm10,µg/m³,96.0,23,24,40.60434782608696,18.1,65.2
2019-02-22T23:00:00Z,2019-02-23T23:00:00Z,24.9,pm10,µg/m³,92.0,22,24,24.940909090909088,9.0,52.1
2019-02-23T23:00:00Z,2019-02-24T23:00:00Z,15.3,pm10,µg/m³,96.0,23,24,15.308695652173911,6.7,22.4
2019-02-24T23:00:00Z,2019-02-25T23:00:00Z,20.9,pm10,µg/m³,100.0,24,24,20.895833333333332,11.3,31.2
2019-02-25T23:00:00Z,2019-02-26T23:00:00Z,41.2,pm10,µg/m³,100.0,24,24,41.150000000000006,21.9,71.6
2019-02-26T23:00:00Z,2019-02-27T23:00:00Z,41.6,pm10,µg/m³,100.0,24,24,41.62499999999999,19.8,76.7
2019-02-27T23:00:00Z,2019-02-28T23:00:00Z,20.9,pm10,µg/m³,100.0,24,24,20.912499999999998,11.7,33.1
2019-02-28T23:00:00Z,2019-03-01T23:00:00Z,16.9,pm10,µg/m³,100.0,24,24,16.929166666666664,14.0,21.9
2019-03-01T23:00:00Z,2019-03-02T23:00:00Z,14.5,pm10,µg/m³,42.0,10,24,14.52,5.9,19.9
2019-03-02T23:00:00Z,2019-03-03T23:00:00Z,10.4,pm10,µg/m³,100.0,24,24,10.354166666666664,3.1,22.5
2019-03-03T23:00:00Z,2019-03-04T23:00:00Z,6.15,pm10,µg/m³,100.0,24,24,6.145833333333332,1.0,17.0
2019-03-04T23:00:00Z,2019-03-05T23:00:00Z,7.6,pm10,µg/m³,100.0,24,24,7.6000000000000005,1.1,15.6
2019-03-05T23:00:00Z,2019-03-06T23:00:00Z,7.5,pm10,µg/m³,100.0,24,24,7.5,4.9,10.5
2019-03-06T23:00:00Z,2019-03-07T23:00:00Z,5.46,pm10,µg/m³,100.0,24,24,5.4624999999999995,1.5,12.8
2019-03-07T23:00:00Z,2019-03-08T23:00:00Z,9.35,pm10,µg/m³,100.0,24,24,9.345833333333333,5.3,14.0
2019-03-08T23:00:00Z,2019-03-09T23:00:00Z,5.79,pm10,µg/m³,83.0,20,24,5.789999999999998,1.5,12.8
2019-03-09T23:00:00Z,2019-03-10T23:00:00Z,8.46,pm10,µg/m³,92.0,22,24,8.463636363636361,0.3,24.3
2019-03-10T23:00:00Z,2019-03-11T23:00:00Z,11.6,pm10,µg/m³,100.0,24,24,11.645833333333334,8.6,20.4
2019-03-11T23:00:00Z,2019-03-12T23:00:00Z,9.71,pm10,µg/m³,100.0,24,24,9.712499999999999,0.3,17.6
2019-03-12T23:00:00Z,2019-03-13T23:00:00Z,10.9,pm10,µg/m³,100.0,24,24,10.941666666666665,1.7,15.0
2019-03-13T23:00:00Z,2019-03-14T23:00:00Z,12.8,pm10,µg/m³,4.0,1,24,12.8,12.8,12.8
2019-03-14T23:00:00Z,2019-03-15T23:00:00Z,4.83,pm10,µg/m³,83.0,20,24,4.825,0.7,11.5
2019-03-15T23:00:00Z,2019-03-16T23:00:00Z,4.5,pm10,µg/m³,92.0,22,24,4.495454545454545,1.1,13.1
2019-03-16T23:00:00Z,2019-03-17T23:00:00Z,6.27,pm10,µg/m³,96.0,23,24,6.265217391304348,1.1,17.9
2019-03-17T23:00:00Z,2019-03-18T23:00:00Z,7.56,pm10,µg/m³,96.0,23,24,7.556521739130435,1.2,14.0
2019-03-18T23:00:00Z,2019-03-19T23:00:00Z,11.5,pm10,µg/m³,96.0,23,24,11.465217391304348,5.2,25.1
2019-03-19T23:00:00Z,2019-03-20T23:00:00Z,18.8,pm10,µg/m³,100.0,24,24,18.75833333333333,0.0,35.4
2019-03-20T23:00:00Z,2019-03-21T23:00:00Z,22.1,pm10,µg/m³,100.0,24,24,22.091666666666665,10.6,32.3
2019-03-21T23:00:00Z,2019-03-22T23:00:00Z,28.0,pm10,µg/m³,100.0,24,24,27.966666666666665,13.0,44.3
2019-03-22T23:00:00Z,2019-03-23T23:00:00Z,34.9,pm10,µg/m³,100.0,24,24,34.87083333333333,26.1,47.3
2019-03-23T23:00:00Z,2019-03-24T23:00:00Z,35.9,pm10,µg/m³,96.0,23,24,35.9,19.0,45.5
2019-03-24T23:00:00Z,2019-03-25T23:00:00Z,16.0,pm10,µg/m³,100.0,24,24,16.045833333333334,10.7,22.7
2019-03-25T23:00:00Z,2019-03-26T23:00:00Z,18.0,pm10,µg/m³,100.0,24,24,18.0125,10.4,28.8
2019-03-26T23:00:00Z,2019-03-27T23:00:00Z,27.2,pm10,µg/m³,100.0,24,24,27.233333333333334,17.4,38.1
2019-03-27T23:00:00Z,2019-03-28T23:00:00Z,32.7,pm10,µg/m³,100.0,24,24,32.68333333333333,21.6,40.5
2019-03-28T23:00:00Z,2019-03-29T23:00:00Z,26.5,pm10,µg/m³,96.0,23,24,26.46521739130435,0.0,45.5
2019-03-29T23:00:00Z,2019-03-30T23:00:00Z,14.7,pm10,µg/m³,96.0,23,24,14.700000000000001,2.3,49.4
2019-03-30T23:00:00Z,2019-03-31T22:00:00Z,16.1,pm10,µg/m³,96.0,23,24,16.117391304347827,9.0,28.2
2019-03-31T22:00:00Z,2019-04-01T22:00:00Z,29.6,pm10,µg/m³,100.0,24,24,29.616666666666664,12.8,46.3
2019-04-01T22:00:00Z,2019-04-02T22:00:00Z,14.4,pm10,µg/m³,100.0,24,24,14.37916666666667,1.8,35.7
2019-04-02T22:00:00Z,2019-04-03T22:00:00Z,3.52,pm10,µg/m³,96.0,23,24,3.521739130434782,0.6,6.5
2019-04-03T22:00:00Z,2019-04-04T22:00:00Z,1.85,pm10,µg/m³,8.0,2,24,1.85,1.7,2.0
2019-04-04T22:00:00Z,2019-04-05T22:00:00Z,5.91,pm10,µg/m³,46.0,11,24,5.909090909090909,0.4,17.9
2019-04-05T22:00:00Z,2019-04-06T22:00:00Z,6.51,pm10,µg/m³,92.0,22,24,6.509090909090907,0.1,11.0
2019-04-06T22:00:00Z,2019-04-07T22:00:00Z,3.54,pm10,µg/m³,100.0,24,24,3.541666666666666,0.6,7.4
2019-04-07T22:00:00Z,2019-04-08T22:00:00Z,8.48,pm10,µg/m³,100.0,24,24,8.475,2.6,17.8
2019-04-08T22:00:00Z,2019-04-09T22:00:00Z,6.39,pm10,µg/m³,100.0,24,24,6.391666666666666,0.9,14.4
2019-04-09T22:00:00Z,2019-04-10T22:00:00Z,25.2,pm10,µg/m³,100.0,24,24,25.245833333333337,13.1,46.7
2019-04-10T22:00:00Z,2019-04-11T22:00:00Z,30.1,pm10,µg/m³,100.0,24,24,30.079166666666666,21.5,46.7
2019-04-11T22:00:00Z,2019-04-12T22:00:00Z,30.0,pm10,µg/m³,100.0,24,24,30.045833333333334,20.3,38.0
2019-04-12T22:00:00Z,2019-04-13T22:00:00Z,27.6,pm10,µg/m³,8.0,2,24,27.6,27.4,27.8
2019-04-13T22:00:00Z,2019-04-14T22:00:00Z,16.0,pm10,µg/m³,92.0,22,24,16.00909090909091,9.4,25.1
2019-04-14T22:00:00Z,2019-04-15T22:00:00Z,24.8,pm10,µg/m³,100.0,24,24,24.8,13.8,34.2
2019-04-15T22:00:00Z,2019-04-16T22:00:00Z,10.4,pm10,µg/m³,100.0,24,24,10.399999999999997,3.3,31.0
2019-04-16T22:00:00Z,2019-04-17T22:00:00Z,6.17,pm10,µg/m³,100.0,24,24,6.170833333333333,2.6,10.8
2019-04-17T22:00:00Z,2019-04-18T22:00:00Z,7.78,pm10,µg/m³,100.0,24,24,7.783333333333332,3.5,11.6
2019-04-18T22:00:00Z,2019-04-19T22:00:00Z,14.7,pm10,µg/m³,100.0,24,24,14.691666666666668,10.1,30.4
2019-04-19T22:00:00Z,2019-04-20T22:00:00Z,12.4,pm10,µg/m³,100.0,24,24,12.416666666666666,6.2,22.5
2019-04-20T22:00:00Z,2019-04-21T22:00:00Z,13.6,pm10,µg/m³,100.0,24,24,13.616666666666669,9.0,18.3
2019-04-21T22:00:00Z,2019-04-22T22:00:00Z,10.7,pm10,µg/m³,100.0,24,24,10.691666666666668,6.9,17.5
2019-04-22T22:00:00Z,2019-04-23T22:00:00Z,18.3,pm10,µg/m³,100.0,24,24,18.320833333333336,0.0,33.2
2019-04-23T22:00:00Z,2019-04-24T22:00:00Z,5.11,pm10,µg/m³,100.0,24,24,5.112499999999998,0.0,27.6
2019-04-24T22:00:00Z,2019-04-25T22:00:00Z,3.5,pm10,µg/m³,100.0,24,24,3.504166666666667,0.0,15.3
2019-04-25T22:00:00Z,2019-04-26T22:00:00Z,5.97,pm10,µg/m³,100.0,24,24,5.970833333333335,2.9,25.8
2019-04-26T22:00:00Z,2019-04-27T22:00:00Z,11.2,pm10,µg/m³,100.0,24,24,11.195833333333333,2.7,22.5
2019-04-27T22:00:00Z,2019-04-28T22:00:00Z,7.68,pm10,µg/m³,100.0,24,24,7.679166666666667,2.8,11.4
2019-04-28T22:00:00Z,2019-04-29T22:00:00Z,7.67,pm10,µg/m³,100.0,24,24,7.670833333333334,2.3,19.1
2019-04-29T22:00:00Z,2019-04-30T22:00:00Z,17.6,pm10,µg/m³,100.0,24,24,17.61666666666666,4.0,31.9
2019-04-30T22:00:00Z,2019-05-01T22:00:00Z,25.8,pm10,µg/m³,100.0,24,24,25.7625,14.4,44.5
2019-05-01T22:00:00Z,2019-05-02T22:00:00Z,23.1,pm10,µg/m³,92.0,22,24,23.12727272727273,9.0,46.3
2019-05-02T22:00:00Z,2019-05-03T22:00:00Z,7.74,pm10,µg/m³,100.0,24,24,7.741666666666667,3.7,14.2
2019-05-03T22:00:00Z,2019-05-04T22:00:00Z,6.24,pm10,µg/m³,100.0,24,24,6.2416666666666645,3.0,12.4
2019-05-04T22:00:00Z,2019-05-05T22:00:00Z,7.56,pm10,µg/m³,100.0,24,24,7.562500000000003,4.8,11.6
2019-05-05T22:00:00Z,2019-05-06T22:00:00Z,10.0,pm10,µg/m³,100.0,24,24,10.020833333333332,4.1,15.7
2019-05-06T22:00:00Z,2019-05-07T22:00:00Z,10.1,pm10,µg/m³,96.0,23,24,10.082608695652175,3.6,18.6
2019-05-07T22:00:00Z,2019-05-08T22:00:00Z,5.7,pm10,µg/m³,96.0,23,24,5.695652173913042,2.7,10.4
2019-05-08T22:00:00Z,2019-05-09T22:00:00Z,6.23,pm10,µg/m³,100.0,24,24,6.2250000000000005,2.4,9.8
2019-05-09T22:00:00Z,2019-05-10T22:00:00Z,8.17,pm10,µg/m³,100.0,24,24,8.170833333333334,3.9,14.1
2019-05-10T22:00:00Z,2019-05-11T22:00:00Z,4.55,pm10,µg/m³,92.0,22,24,4.550000000000001,0.7,13.1
2019-05-11T22:00:00Z,2019-05-12T22:00:00Z,8.98,pm10,µg/m³,100.0,24,24,8.975000000000003,4.2,13.1
2019-05-12T22:00:00Z,2019-05-13T22:00:00Z,7.55,pm10,µg/m³,8.0,2,24,7.55,7.1,8.0
2019-05-13T22:00:00Z,2019-05-14T22:00:00Z,11.5,pm10,µg/m³,92.0,22,24,11.536363636363637,4.9,26.0
2019-05-14T22:00:00Z,2019-05-15T22:00:00Z,8.88,pm10,µg/m³,100.0,24,24,8.883333333333335,5.3,14.5
2019-05-15T22:00:00Z,2019-05-16T22:00:00Z,8.3,pm10,µg/m³,96.0,23,24,8.295652173913044,4.8,15.0
2019-05-16T22:00:00Z,2019-05-17T22:00:00Z,8.11,pm10,µg/m³,100.0,24,24,8.108333333333334,3.2,17.8
2019-05-17T22:00:00Z,2019-05-18T22:00:00Z,2.72,pm10,µg/m³,96.0,23,24,2.7173913043478266,1.2,4.7
2019-05-18T22:00:00Z,2019-05-19T22:00:00Z,14.0,pm10,µg/m³,100.0,24,24,14.041666666666666,2.8,27.5
2019-05-19T22:00:00Z,2019-05-20T22:00:00Z,17.9,pm10,µg/m³,100.0,24,24,17.85,7.8,32.6
2019-05-20T22:00:00Z,2019-05-21T22:00:00Z,11.9,pm10,µg/m³,100.0,24,24,11.883333333333335,4.4,17.9
2019-05-21T22:00:00Z,2019-05-22T22:00:00Z,9.76,pm10,µg/m³,100.0,24,24,9.758333333333335,0.0,17.2
2019-05-22T22:00:00Z,2019-05-23T22:00:00Z,10.1,pm10,µg/m³,100.0,24,24,10.058333333333332,5.0,19.0
2019-05-23T22:00:00Z,2019-05-24T22:00:00Z,8.0,pm10,µg/m³,100.0,24,24,8.000000000000002,1.5,12.6
2019-05-24T22:00:00Z,2019-05-25T22:00:00Z,10.8,pm10,µg/m³,96.0,23,24,10.847826086956522,3.3,19.3
2019-05-25T22:00:00Z,2019-05-26T22:00:00Z,5.77,pm10,µg/m³,100.0,24,24,5.770833333333332,1.8,10.6
2019-05-26T22:00:00Z,2019-05-27T22:00:00Z,5.57,pm10,µg/m³,96.0,23,24,5.569565217391304,0.7,12.8
2019-05-27T22:00:00Z,2019-05-28T22:00:00Z,5.43,pm10,µg/m³,100.0,24,24,5.429166666666667,1.1,12.2
2019-05-28T22:00:00Z,2019-05-29T22:00:00Z,6.85,pm10,µg/m³,100.0,24,24,6.8500000000000005,4.0,9.1
2019-05-29T22:00:00Z,2019-05-30T22:00:00Z,4.77,pm10,µg/m³,100.0,24,24,4.766666666666667,1.0,9.2
2019-05-30T22:00:00Z,2019-05-31T22:00:00Z,5.82,pm10,µg/m³,100.0,24,24,5.816666666666667,3.5,17.1
2019-05-31T22:00:00Z,2019-06-01T22:00:00Z,5.4,pm10,µg/m³,96.0,23,24,5.4,1.5,8.6
2019-06-01T22:00:00Z,2019-06-02T22:00:00Z,7.32,pm10,µg/m³,100.0,24,24,7.316666666666667,2.0,11.9
2019-06-02T22:00:00Z,2019-06-03T22:00:00Z,7.65,pm10,µg/m³,100.0,24,24,7.645833333333333,3.5,12.1
2019-06-03T22:00:00Z,2019-06-04T22:00:00Z,9.19,pm10,µg/m³,100.0,24,24,9.191666666666666,2.7,19.5
2019-06-04T22:00:00Z,2019-06-05T22:00:00Z,5.77,pm10,µg/m³,96.0,23,24,5.765217391304348,0.0,11.3
2019-06-05T22:00:00Z,2019-06-06T22:00:00Z,6.83,pm10,µg/m³,67.0,16,24,6.831250000000001,3.2,11.6
2019-06-06T22:00:00Z,2019-06-07T22:00:00Z,7.15,pm10,µg/m³,63.0,15,24,7.153333333333333,0.1,16.6
2019-06-07T22:00:00Z,2019-06-08T22:00:00Z,10.2,pm10,µg/m³,96.0,23,24,10.221739130434782,6.3,14.0
2019-06-08T22:00:00Z,2019-06-09T22:00:00Z,7.1,pm10,µg/m³,100.0,24,24,7.104166666666667,4.1,11.0
2019-06-09T22:00:00Z,2019-06-10T22:00:00Z,3.97,pm10,µg/m³,100.0,24,24,3.9666666666666663,0.4,6.3
2019-06-10T22:00:00Z,2019-06-11T22:00:00Z,3.81,pm10,µg/m³,100.0,24,24,3.8083333333333336,0.2,10.6
2019-06-11T22:00:00Z,2019-06-12T22:00:00Z,9.05,pm10,µg/m³,8.0,2,24,9.05,8.3,9.8
2019-06-12T22:00:00Z,2019-06-13T22:00:00Z,7.14,pm10,µg/m³,92.0,22,24,7.140909090909091,0.4,25.6
2019-06-13T22:00:00Z,2019-06-14T22:00:00Z,6.0,pm10,µg/m³,100.0,24,24,6.000000000000001,1.6,12.1
2019-06-14T22:00:00Z,2019-06-15T22:00:00Z,5.99,pm10,µg/m³,96.0,23,24,5.991304347826087,3.0,9.7
2019-06-15T22:00:00Z,2019-06-16T22:00:00Z,6.17,pm10,µg/m³,100.0,24,24,6.166666666666667,2.6,10.1
2019-06-16T22:00:00Z,2019-06-17T22:00:00Z,5.78,pm10,µg/m³,100.0,24,24,5.783333333333334,2.5,9.6
2019-06-17T22:00:00Z,2019-06-18T22:00:00Z,8.95,pm10,µg/m³,63.0,15,24,8.95333333333333,4.8,17.1
2019-06-18T22:00:00Z,2019-06-19T22:00:00Z,8.4,pm10,µg/m³,8.0,2,24,8.4,4.9,11.9
2019-06-19T22:00:00Z,2019-06-20T22:00:00Z,4.42,pm10,µg/m³,42.0,10,24,4.42,2.1,7.5
2019-06-20T22:00:00Z,2019-06-21T22:00:00Z,6.54,pm10,µg/m³,100.0,24,24,6.541666666666667,2.3,13.5
2019-06-21T22:00:00Z,2019-06-22T22:00:00Z,9.1,pm10,µg/m³,96.0,23,24,9.1,2.6,15.4
2019-06-22T22:00:00Z,2019-06-23T22:00:00Z,16.8,pm10,µg/m³,100.0,24,24,16.779166666666665,5.2,162.0
2019-06-23T22:00:00Z,2019-06-24T22:00:00Z,12.6,pm10,µg/m³,100.0,24,24,12.554166666666667,3.7,37.6
2019-06-24T22:00:00Z,2019-06-25T22:00:00Z,15.2,pm10,µg/m³,100.0,24,24,15.241666666666669,9.4,21.0
2019-06-25T22:00:00Z,2019-06-26T22:00:00Z,25.0,pm10,µg/m³,100.0,24,24,24.95416666666667,14.6,31.9
2019-06-26T22:00:00Z,2019-06-27T22:00:00Z,32.3,pm10,µg/m³,92.0,22,24,32.3,23.8,39.9
2019-06-27T22:00:00Z,2019-06-28T22:00:00Z,19.5,pm10,µg/m³,96.0,23,24,19.543478260869566,15.3,26.5
2019-06-28T22:00:00Z,2019-06-29T22:00:00Z,14.3,pm10,µg/m³,100.0,24,24,14.262500000000003,5.2,23.6
2019-06-29T22:00:00Z,2019-06-30T22:00:00Z,20.3,pm10,µg/m³,100.0,24,24,20.262500000000003,8.6,38.7
2019-06-30T22:00:00Z,2019-07-01T22:00:00Z,9.98,pm10,µg/m³,100.0,24,24,9.983333333333334,5.7,14.0
2019-07-01T22:00:00Z,2019-07-02T22:00:00Z,9.68,pm10,µg/m³,79.0,19,24,9.68421052631579,0.0,16.4
2019-07-02T22:00:00Z,2019-07-03T22:00:00Z,16.4,pm10,µg/m³,100.0,24,24,16.35833333333333,8.7,22.5
2019-07-03T22:00:00Z,2019-07-04T22:00:00Z,16.5,pm10,µg/m³,100.0,24,24,16.45416666666667,11.0,34.3
2019-07-04T22:00:00Z,2019-07-05T22:00:00Z,14.5,pm10,µg/m³,100.0,24,24,14.504166666666663,5.7,25.0
2019-07-05T22:00:00Z,2019-07-06T22:00:00Z,12.9,pm10,µg/m³,100.0,24,24,12.904166666666663,8.1,16.9
2019-07-06T22:00:00Z,2019-07-07T22:00:00Z,10.4,pm10,µg/m³,100.0,24,24,10.387499999999998,6.1,19.0
2019-07-07T22:00:00Z,2019-07-08T22:00:00Z,12.2,pm10,µg/m³,100.0,24,24,12.225,7.6,24.9
2019-07-08T22:00:00Z,2019-07-09T22:00:00Z,11.8,pm10,µg/m³,100.0,24,24,11.816666666666665,6.9,23.6
2019-07-09T22:00:00Z,2019-07-10T22:00:00Z,10.9,pm10,µg/m³,100.0,24,24,10.925000000000002,7.1,22.4
2019-07-10T22:00:00Z,2019-07-11T22:00:00Z,15.3,pm10,µg/m³,92.0,22,24,15.340909090909092,9.5,36.7
2019-07-12T22:00:00Z,2019-07-13T22:00:00Z,9.94,pm10,µg/m³,42.0,10,24,9.94,7.8,12.5
2019-07-13T22:00:00Z,2019-07-14T22:00:00Z,9.17,pm10,µg/m³,100.0,24,24,9.166666666666666,4.2,13.0
2019-07-14T22:00:00Z,2019-07-15T22:00:00Z,10.9,pm10,µg/m³,100.0,24,24,10.887499999999998,5.3,23.6
2019-07-15T22:00:00Z,2019-07-16T22:00:00Z,14.6,pm10,µg/m³,100.0,24,24,14.595833333333331,0.0,24.5
2019-07-16T22:00:00Z,2019-07-17T22:00:00Z,18.9,pm10,µg/m³,100.0,24,24,18.94583333333333,0.0,28.3
2019-07-17T22:00:00Z,2019-07-18T22:00:00Z,17.3,pm10,µg/m³,100.0,24,24,17.304166666666667,0.0,27.3
2019-07-18T22:00:00Z,2019-07-19T22:00:00Z,4.58,pm10,µg/m³,100.0,24,24,4.579166666666667,1.2,8.9
2019-07-19T22:00:00Z,2019-07-20T22:00:00Z,7.44,pm10,µg/m³,96.0,23,24,7.443478260869565,2.9,12.3
2019-07-20T22:00:00Z,2019-07-21T22:00:00Z,7.86,pm10,µg/m³,100.0,24,24,7.862500000000001,4.7,16.0
2019-07-21T22:00:00Z,2019-07-22T22:00:00Z,13.1,pm10,µg/m³,100.0,24,24,13.075000000000001,8.0,23.9
2019-07-22T22:00:00Z,2019-07-23T22:00:00Z,24.6,pm10,µg/m³,100.0,24,24,24.6375,12.8,34.5
2019-07-23T22:00:00Z,2019-07-24T22:00:00Z,27.1,pm10,µg/m³,100.0,24,24,27.1125,13.6,47.5
2019-07-24T22:00:00Z,2019-07-25T22:00:00Z,33.6,pm10,µg/m³,100.0,24,24,33.61666666666667,15.5,54.8
2019-07-25T22:00:00Z,2019-07-26T22:00:00Z,13.3,pm10,µg/m³,100.0,24,24,13.274999999999999,4.7,27.3
2019-07-26T22:00:00Z,2019-07-27T22:00:00Z,7.58,pm10,µg/m³,96.0,23,24,7.578260869565218,3.2,15.3
2019-07-27T22:00:00Z,2019-07-28T22:00:00Z,9.22,pm10,µg/m³,100.0,24,24,9.220833333333331,5.7,12.8
2019-07-28T22:00:00Z,2019-07-29T22:00:00Z,5.76,pm10,µg/m³,100.0,24,24,5.758333333333334,2.0,9.6
2019-07-29T22:00:00Z,2019-07-30T22:00:00Z,11.4,pm10,µg/m³,100.0,24,24,11.4125,7.1,17.3
2019-07-30T22:00:00Z,2019-07-31T22:00:00Z,8.81,pm10,µg/m³,100.0,24,24,8.812500000000002,6.6,12.3
2019-07-31T22:00:00Z,2019-08-01T22:00:00Z,13.3,pm10,µg/m³,100.0,24,24,13.262499999999998,8.8,22.8
2019-08-01T22:00:00Z,2019-08-02T22:00:00Z,12.5,pm10,µg/m³,100.0,24,24,12.4625,8.7,18.1
2019-08-02T22:00:00Z,2019-08-03T22:00:00Z,11.7,pm10,µg/m³,92.0,22,24,11.713636363636367,5.1,28.1
2019-08-03T22:00:00Z,2019-08-04T22:00:00Z,10.0,pm10,µg/m³,100.0,24,24,10.008333333333333,5.6,15.5
2019-08-04T22:00:00Z,2019-08-05T22:00:00Z,9.94,pm10,µg/m³,100.0,24,24,9.941666666666666,0.0,16.7
2019-08-05T22:00:00Z,2019-08-06T22:00:00Z,5.63,pm10,µg/m³,100.0,24,24,5.625000000000001,1.9,8.9
2019-08-06T22:00:00Z,2019-08-07T22:00:00Z,6.04,pm10,µg/m³,100.0,24,24,6.039130434782609,0.5,12.5
2019-08-07T22:00:00Z,2019-08-08T22:00:00Z,8.02,pm10,µg/m³,100.0,24,24,8.016666666666667,2.1,27.9
2019-08-08T22:00:00Z,2019-08-09T22:00:00Z,6.98,pm10,µg/m³,100.0,24,24,6.983333333333334,3.6,15.0
2019-08-09T22:00:00Z,2019-08-10T22:00:00Z,15.7,pm10,µg/m³,100.0,24,24,15.725000000000001,10.3,23.0
2019-08-10T22:00:00Z,2019-08-11T22:00:00Z,11.6,pm10,µg/m³,8.0,2,24,11.6,11.5,11.7
2019-08-11T22:00:00Z,2019-08-12T22:00:00Z,5.46,pm10,µg/m³,92.0,22,24,5.463636363636364,1.3,11.3
2019-08-12T22:00:00Z,2019-08-13T22:00:00Z,6.28,pm10,µg/m³,100.0,24,24,6.283333333333331,2.3,11.5
2019-08-13T22:00:00Z,2019-08-14T22:00:00Z,4.67,pm10,µg/m³,100.0,24,24,4.666666666666666,1.2,6.9
2019-08-14T22:00:00Z,2019-08-15T22:00:00Z,5.94,pm10,µg/m³,100.0,24,24,5.941666666666666,0.6,14.6
2019-08-15T22:00:00Z,2019-08-16T22:00:00Z,5.43,pm10,µg/m³,100.0,24,24,5.429166666666666,0.6,9.9
2019-08-16T22:00:00Z,2019-08-17T22:00:00Z,4.41,pm10,µg/m³,100.0,24,24,4.408695652173913,0.3,8.6
2019-08-17T22:00:00Z,2019-08-18T22:00:00Z,4.06,pm10,µg/m³,100.0,24,24,4.058333333333334,0.4,11.6
2019-08-18T22:00:00Z,2019-08-19T22:00:00Z,8.03,pm10,µg/m³,100.0,24,24,8.029166666666667,3.2,13.3
2019-08-19T22:00:00Z,2019-08-20T22:00:00Z,10.3,pm10,µg/m³,96.0,23,24,10.252173913043478,4.2,16.3
2019-08-20T22:00:00Z,2019-08-21T22:00:00Z,11.7,pm10,µg/m³,100.0,24,24,11.716666666666669,8.3,17.0
2019-08-21T22:00:00Z,2019-08-22T22:00:00Z,10.5,pm10,µg/m³,100.0,24,24,10.474999999999998,6.8,28.6
2019-08-22T22:00:00Z,2019-08-23T22:00:00Z,12.1,pm10,µg/m³,100.0,24,24,12.049999999999999,6.2,17.9
2019-08-23T22:00:00Z,2019-08-24T22:00:00Z,11.9,pm10,µg/m³,100.0,24,24,11.862500000000002,4.9,18.5
2019-08-24T22:00:00Z,2019-08-25T22:00:00Z,10.5,pm10,µg/m³,100.0,24,24,10.4625,6.6,14.3
2019-08-25T22:00:00Z,2019-08-26T22:00:00Z,11.4,pm10,µg/m³,100.0,24,24,11.412500000000001,6.6,14.2
2019-08-26T22:00:00Z,2019-08-27T22:00:00Z,15.8,pm10,µg/m³,100.0,24,24,15.825000000000001,10.8,27.4
2019-08-27T22:00:00Z,2019-08-28T22:00:00Z,14.7,pm10,µg/m³,100.0,24,24,14.691666666666665,10.6,21.5
2019-08-28T22:00:00Z,2019-08-29T22:00:00Z,8.81,pm10,µg/m³,100.0,24,24,8.808333333333334,4.3,12.3
2019-08-29T22:00:00Z,2019-08-30T22:00:00Z,10.7,pm10,µg/m³,100.0,24,24,10.679166666666667,7.6,17.4
2019-08-30T22:00:00Z,2019-08-31T22:00:00Z,11.4,pm10,µg/m³,100.0,24,24,11.420833333333334,6.7,18.4
2019-08-31T22:00:00Z,2019-09-01T22:00:00Z,8.56,pm10,µg/m³,100.0,24,24,8.558333333333332,4.6,14.6
2019-09-01T22:00:00Z,2019-09-02T22:00:00Z,8.32,pm10,µg/m³,54.0,13,24,8.315384615384616,4.7,14.4
2019-09-03T22:00:00Z,2019-09-04T22:00:00Z,8.48,pm10,µg/m³,92.0,22,24,8.477272727272727,0.0,23.1
2019-09-04T22:00:00Z,2019-09-05T22:00:00Z,12.5,pm10,µg/m³,100.0,24,24,12.508333333333335,8.8,20.2
2019-09-05T22:00:00Z,2019-09-06T22:00:00Z,11.3,pm10,µg/m³,100.0,24,24,11.304166666666667,5.9,20.1
2019-09-06T22:00:00Z,2019-09-07T22:00:00Z,7.83,pm10,µg/m³,100.0,24,24,7.829166666666668,4.7,13.3
2019-09-07T22:00:00Z,2019-09-08T22:00:00Z,8.63,pm10,µg/m³,100.0,24,24,8.629166666666668,3.4,13.4
2019-09-08T22:00:00Z,2019-09-09T22:00:00Z,7.64,pm10,µg/m³,100.0,24,24,7.641666666666667,4.4,18.7
2019-09-09T22:00:00Z,2019-09-10T22:00:00Z,4.35,pm10,µg/m³,8.0,2,24,4.35,3.7,5.0
2019-09-10T22:00:00Z,2019-09-11T22:00:00Z,13.0,pm10,µg/m³,92.0,22,24,13.022727272727273,9.5,25.0
2019-09-11T22:00:00Z,2019-09-12T22:00:00Z,7.45,pm10,µg/m³,100.0,24,24,7.454166666666667,2.0,20.2
2019-09-12T22:00:00Z,2019-09-13T22:00:00Z,7.38,pm10,µg/m³,100.0,24,24,7.375,3.3,14.0
2019-09-13T22:00:00Z,2019-09-14T22:00:00Z,5.27,pm10,µg/m³,100.0,24,24,5.2666666666666675,2.3,8.3
2019-09-14T22:00:00Z,2019-09-15T22:00:00Z,7.59,pm10,µg/m³,100.0,24,24,7.587499999999999,1.8,13.5
2019-09-15T22:00:00Z,2019-09-16T22:00:00Z,14.5,pm10,µg/m³,58.0,14,24,14.464285714285714,7.4,38.7
2019-09-17T22:00:00Z,2019-09-18T22:00:00Z,9.41,pm10,µg/m³,92.0,22,24,9.40909090909091,0.0,21.0
2019-09-18T22:00:00Z,2019-09-19T22:00:00Z,17.6,pm10,µg/m³,100.0,24,24,17.600000000000005,10.3,42.6
2019-09-19T22:00:00Z,2019-09-20T22:00:00Z,16.0,pm10,µg/m³,100.0,24,24,15.991666666666667,9.0,23.8
2019-09-20T22:00:00Z,2019-09-21T22:00:00Z,15.5,pm10,µg/m³,100.0,24,24,15.483333333333329,7.8,21.2
2019-09-21T22:00:00Z,2019-09-22T22:00:00Z,5.76,pm10,µg/m³,100.0,24,24,5.7636363636363654,1.6,12.1
2019-09-22T22:00:00Z,2019-09-23T22:00:00Z,9.03,pm10,µg/m³,100.0,24,24,9.025000000000002,3.7,12.8
2019-09-23T22:00:00Z,2019-09-24T22:00:00Z,5.71,pm10,µg/m³,100.0,24,24,5.712500000000001,0.0,12.5
2019-09-24T22:00:00Z,2019-09-25T22:00:00Z,10.6,pm10,µg/m³,100.0,24,24,10.57272727272727,0.5,17.2
2019-09-25T22:00:00Z,2019-09-26T22:00:00Z,11.5,pm10,µg/m³,100.0,24,24,11.536363636363639,0.2,26.2
2019-09-26T22:00:00Z,2019-09-27T22:00:00Z,7.95,pm10,µg/m³,100.0,24,24,7.950000000000002,2.5,15.0
2019-09-27T22:00:00Z,2019-09-28T22:00:00Z,8.1,pm10,µg/m³,96.0,23,24,8.099999999999998,4.7,11.6
2019-09-28T22:00:00Z,2019-09-29T22:00:00Z,5.19,pm10,µg/m³,100.0,24,24,5.187499999999999,0.5,12.5
2019-09-29T22:00:00Z,2019-09-30T22:00:00Z,6.5,pm10,µg/m³,100.0,24,24,6.500000000000001,3.5,11.5
2019-09-30T22:00:00Z,2019-10-01T22:00:00Z,5.12,pm10,µg/m³,100.0,24,24,5.120833333333334,1.6,9.0
2019-10-01T22:00:00Z,2019-10-02T22:00:00Z,6.89,pm10,µg/m³,100.0,24,24,6.891666666666667,4.0,12.8
2019-10-02T22:00:00Z,2019-10-03T22:00:00Z,6.46,pm10,µg/m³,100.0,24,24,6.458333333333332,4.0,10.0
2019-10-03T22:00:00Z,2019-10-04T22:00:00Z,12.2,pm10,µg/m³,100.0,24,24,12.183333333333335,0.4,23.3
2019-10-04T22:00:00Z,2019-10-05T22:00:00Z,7.46,pm10,µg/m³,100.0,24,24,7.458333333333333,2.6,13.1
2019-10-05T22:00:00Z,2019-10-06T22:00:00Z,7.19,pm10,µg/m³,100.0,24,24,7.186956521739131,1.7,10.3
2019-10-06T22:00:00Z,2019-10-07T22:00:00Z,7.93,pm10,µg/m³,100.0,24,24,7.925000000000002,0.0,13.5
2019-10-07T22:00:00Z,2019-10-08T22:00:00Z,5.95,pm10,µg/m³,100.0,24,24,5.954166666666666,0.3,12.6
2019-10-08T22:00:00Z,2019-10-09T22:00:00Z,9.67,pm10,µg/m³,100.0,24,24,9.666666666666666,5.5,15.5
2019-10-09T22:00:00Z,2019-10-10T22:00:00Z,10.5,pm10,µg/m³,8.0,2,24,10.5,10.0,11.0
2019-10-10T22:00:00Z,2019-10-11T22:00:00Z,6.42,pm10,µg/m³,92.0,22,24,6.422727272727272,3.2,11.3
2019-10-11T22:00:00Z,2019-10-12T22:00:00Z,9.0,pm10,µg/m³,100.0,24,24,8.995833333333334,4.1,16.2
2019-10-12T22:00:00Z,2019-10-13T22:00:00Z,14.0,pm10,µg/m³,100.0,24,24,13.954166666666671,7.6,22.9
2019-10-13T22:00:00Z,2019-10-14T22:00:00Z,11.3,pm10,µg/m³,100.0,24,24,11.304166666666665,1.5,24.6
2019-10-14T22:00:00Z,2019-10-15T22:00:00Z,6.58,pm10,µg/m³,100.0,24,24,6.583333333333333,0.0,13.1
2019-10-15T22:00:00Z,2019-10-16T22:00:00Z,6.53,pm10,µg/m³,100.0,24,24,6.5249999999999995,2.2,10.5
2019-10-16T22:00:00Z,2019-10-17T22:00:00Z,3.1,pm10,µg/m³,100.0,24,24,3.0954545454545452,0.1,7.2
2019-10-17T22:00:00Z,2019-10-18T22:00:00Z,7.63,pm10,µg/m³,96.0,23,24,7.626086956521738,2.4,13.3
2019-10-18T22:00:00Z,2019-10-19T22:00:00Z,5.25,pm10,µg/m³,100.0,24,24,5.247826086956523,1.1,9.3
2019-10-19T22:00:00Z,2019-10-20T22:00:00Z,4.07,pm10,µg/m³,100.0,24,24,4.066666666666667,1.7,7.2
2019-10-20T22:00:00Z,2019-10-21T22:00:00Z,4.43,pm10,µg/m³,96.0,23,24,4.426086956521739,0.5,8.9
2019-10-21T22:00:00Z,2019-10-22T22:00:00Z,8.62,pm10,µg/m³,100.0,24,24,8.620833333333334,3.8,15.1
2019-10-22T22:00:00Z,2019-10-23T22:00:00Z,15.0,pm10,µg/m³,100.0,24,24,15.041666666666666,5.7,37.5
2019-10-23T22:00:00Z,2019-10-24T22:00:00Z,9.21,pm10,µg/m³,96.0,23,24,9.208695652173914,0.4,24.7
2019-10-24T22:00:00Z,2019-10-25T22:00:00Z,6.88,pm10,µg/m³,100.0,24,24,6.875000000000001,3.1,12.0
2019-10-25T22:00:00Z,2019-10-26T22:00:00Z,6.38,pm10,µg/m³,100.0,24,24,6.379166666666667,3.9,10.0
2019-10-26T22:00:00Z,2019-10-27T23:00:00Z,6.57,pm10,µg/m³,104.0,25,24,6.568,3.4,10.5
2019-10-27T23:00:00Z,2019-10-28T23:00:00Z,12.5,pm10,µg/m³,100.0,24,24,12.520833333333334,1.5,18.6
2019-10-28T23:00:00Z,2019-10-29T23:00:00Z,10.4,pm10,µg/m³,100.0,24,24,10.445833333333335,4.5,16.4
2019-10-29T23:00:00Z,2019-10-30T23:00:00Z,11.5,pm10,µg/m³,96.0,23,24,11.491304347826086,4.1,22.9
2019-10-30T23:00:00Z,2019-10-31T23:00:00Z,6.59,pm10,µg/m³,71.0,17,24,6.588235294117647,0.4,20.0
2019-10-31T23:00:00Z,2019-11-01T23:00:00Z,5.49,pm10,µg/m³,96.0,23,24,5.49,0.0,12.1
2019-11-01T23:00:00Z,2019-11-02T23:00:00Z,4.1,pm10,µg/m³,88.0,21,24,4.095000000000001,2.0,7.9
2019-11-02T23:00:00Z,2019-11-03T23:00:00Z,4.09,pm10,µg/m³,100.0,24,24,4.08695652173913,0.1,9.1
2019-11-03T23:00:00Z,2019-11-04T23:00:00Z,9.46,pm10,µg/m³,96.0,23,24,9.460869565217392,2.2,22.5
2019-11-04T23:00:00Z,2019-11-05T23:00:00Z,8.85,pm10,µg/m³,100.0,24,24,8.845833333333333,3.3,21.5
2019-11-05T23:00:00Z,2019-11-06T23:00:00Z,9.15,pm10,µg/m³,100.0,24,24,9.154166666666667,4.3,14.8
2019-11-06T23:00:00Z,2019-11-07T23:00:00Z,6.81,pm10,µg/m³,100.0,24,24,6.808695652173914,2.0,13.3
2019-11-07T23:00:00Z,2019-11-08T23:00:00Z,6.21,pm10,µg/m³,100.0,24,24,6.208333333333332,0.5,27.9
2019-11-08T23:00:00Z,2019-11-09T23:00:00Z,14.5,pm10,µg/m³,4.0,1,24,14.5,14.5,14.5
2019-11-09T23:00:00Z,2019-11-10T23:00:00Z,5.09,pm10,µg/m³,96.0,23,24,5.086363636363637,0.2,11.0
2019-11-10T23:00:00Z,2019-11-11T23:00:00Z,5.71,pm10,µg/m³,100.0,24,24,5.712500000000001,2.2,10.5
2019-11-11T23:00:00Z,2019-11-12T23:00:00Z,7.31,pm10,µg/m³,100.0,24,24,7.308333333333333,1.2,13.6
2019-11-12T23:00:00Z,2019-11-13T23:00:00Z,7.43,pm10,µg/m³,100.0,24,24,7.433333333333334,5.0,10.6
2019-11-13T23:00:00Z,2019-11-14T23:00:00Z,7.56,pm10,µg/m³,100.0,24,24,7.557142857142855,1.1,24.5
2019-11-14T23:00:00Z,2019-11-15T23:00:00Z,4.38,pm10,µg/m³,100.0,24,24,4.378260869565217,0.1,12.8
2019-11-15T23:00:00Z,2019-11-16T23:00:00Z,4.33,pm10,µg/m³,83.0,20,24,4.3315789473684205,0.1,18.0
2019-11-16T23:00:00Z,2019-11-17T23:00:00Z,10.7,pm10,µg/m³,100.0,24,24,10.65,1.7,26.9
2019-11-17T23:00:00Z,2019-11-18T23:00:00Z,12.5,pm10,µg/m³,100.0,24,24,12.525000000000006,0.0,19.6
2019-11-18T23:00:00Z,2019-11-19T23:00:00Z,13.1,pm10,µg/m³,100.0,24,24,13.104166666666664,5.7,47.2
2019-11-19T23:00:00Z,2019-11-20T23:00:00Z,19.2,pm10,µg/m³,100.0,24,24,19.2375,6.8,50.0
2019-11-20T23:00:00Z,2019-11-21T23:00:00Z,15.8,pm10,µg/m³,100.0,24,24,15.825000000000001,3.5,54.2
2019-11-21T23:00:00Z,2019-11-22T23:00:00Z,3.93,pm10,µg/m³,100.0,24,24,3.929166666666667,0.4,8.8
2019-11-22T23:00:00Z,2019-11-23T23:00:00Z,4.33,pm10,µg/m³,100.0,24,24,4.333333333333333,1.0,18.0
2019-11-23T23:00:00Z,2019-11-24T23:00:00Z,8.8,pm10,µg/m³,100.0,24,24,8.800000000000002,4.2,14.8
2019-11-24T23:00:00Z,2019-11-25T23:00:00Z,4.95,pm10,µg/m³,100.0,24,24,4.954166666666667,1.7,9.6
2019-11-25T23:00:00Z,2019-11-26T23:00:00Z,6.11,pm10,µg/m³,100.0,24,24,6.112500000000001,1.7,14.5
2019-11-26T23:00:00Z,2019-11-27T23:00:00Z,6.29,pm10,µg/m³,100.0,24,24,6.291666666666665,1.5,10.0
2019-11-27T23:00:00Z,2019-11-28T23:00:00Z,8.49,pm10,µg/m³,100.0,24,24,8.491666666666667,5.7,12.0
2019-11-28T23:00:00Z,2019-11-29T23:00:00Z,8.12,pm10,µg/m³,100.0,24,24,8.116666666666665,4.5,14.7
2019-11-29T23:00:00Z,2019-11-30T23:00:00Z,10.3,pm10,µg/m³,100.0,24,24,10.266666666666667,4.8,16.1
2019-11-30T23:00:00Z,2019-12-01T23:00:00Z,12.3,pm10,µg/m³,100.0,24,24,12.279166666666667,7.1,22.6
2019-12-01T23:00:00Z,2019-12-02T23:00:00Z,16.6,pm10,µg/m³,100.0,24,24,16.5875,6.6,29.2
2019-12-02T23:00:00Z,2019-12-03T23:00:00Z,14.8,pm10,µg/m³,100.0,24,24,14.791666666666666,7.6,27.8
2019-12-03T23:00:00Z,2019-12-04T23:00:00Z,29.1,pm10,µg/m³,100.0,24,24,29.05,17.3,56.4
2019-12-04T23:00:00Z,2019-12-05T23:00:00Z,57.7,pm10,µg/m³,100.0,24,24,57.650000000000006,40.8,84.3
2019-12-05T23:00:00Z,2019-12-06T23:00:00Z,21.4,pm10,µg/m³,100.0,24,24,21.441666666666663,6.4,46.8
2019-12-06T23:00:00Z,2019-12-07T23:00:00Z,5.26,pm10,µg/m³,100.0,24,24,5.258333333333334,2.7,9.0
2019-12-07T23:00:00Z,2019-12-08T23:00:00Z,5.87,pm10,µg/m³,100.0,24,24,5.869999999999999,0.1,18.9
2019-12-08T23:00:00Z,2019-12-09T23:00:00Z,14.9,pm10,µg/m³,4.0,1,24,14.9,14.9,14.9
2019-12-09T23:00:00Z,2019-12-10T23:00:00Z,12.9,pm10,µg/m³,96.0,23,24,12.852173913043476,7.9,17.7
2019-12-10T23:00:00Z,2019-12-11T23:00:00Z,6.96,pm10,µg/m³,100.0,24,24,6.962500000000001,1.0,14.3
2019-12-11T23:00:00Z,2019-12-12T23:00:00Z,4.44,pm10,µg/m³,100.0,24,24,4.443478260869566,1.7,9.0
2019-12-12T23:00:00Z,2019-12-13T23:00:00Z,7.79,pm10,µg/m³,100.0,24,24,7.787500000000001,2.5,21.5
2019-12-13T23:00:00Z,2019-12-14T23:00:00Z,10.5,pm10,µg/m³,100.0,24,24,10.468181818181817,0.4,16.3
2019-12-14T23:00:00Z,2019-12-15T23:00:00Z,5.65,pm10,µg/m³,100.0,24,24,5.654545454545454,0.0,14.2
2019-12-15T23:00:00Z,2019-12-16T23:00:00Z,9.58,pm10,µg/m³,100.0,24,24,9.578260869565218,0.0,33.7
2019-12-16T23:00:00Z,2019-12-17T23:00:00Z,9.68,pm10,µg/m³,100.0,24,24,9.679166666666665,4.2,24.0
2019-12-17T23:00:00Z,2019-12-18T23:00:00Z,9.93,pm10,µg/m³,100.0,24,24,9.929166666666667,1.8,26.5
2019-12-18T23:00:00Z,2019-12-19T23:00:00Z,9.8,pm10,µg/m³,96.0,23,24,9.795652173913043,3.2,18.0
2019-12-19T23:00:00Z,2019-12-20T23:00:00Z,4.63,pm10,µg/m³,100.0,24,24,4.628571428571428,0.6,10.0
2019-12-20T23:00:00Z,2019-12-21T23:00:00Z,5.09,pm10,µg/m³,75.0,18,24,5.0888888888888895,3.1,8.9
2019-12-21T23:00:00Z,2019-12-22T23:00:00Z,8.31,pm10,µg/m³,92.0,22,24,8.313636363636364,3.1,15.1
2019-12-22T23:00:00Z,2019-12-23T23:00:00Z,14.9,pm10,µg/m³,100.0,24,24,14.891666666666667,9.6,19.8
2019-12-23T23:00:00Z,2019-12-24T23:00:00Z,10.7,pm10,µg/m³,100.0,24,24,10.689473684210528,0.4,17.1
2019-12-24T23:00:00Z,2019-12-25T23:00:00Z,16.8,pm10,µg/m³,100.0,24,24,16.75,6.5,29.2
2019-12-25T23:00:00Z,2019-12-26T23:00:00Z,14.1,pm10,µg/m³,100.0,24,24,14.125,5.2,24.8
2019-12-26T23:00:00Z,2019-12-27T23:00:00Z,9.58,pm10,µg/m³,100.0,24,24,9.583333333333332,0.1,20.9
2019-12-27T23:00:00Z,2019-12-28T23:00:00Z,7.86,pm10,µg/m³,100.0,24,24,7.858333333333333,4.5,14.1
2019-12-28T23:00:00Z,2019-12-29T23:00:00Z,19.6,pm10,µg/m³,100.0,24,24,19.595833333333335,7.4,51.8
2019-12-29T23:00:00Z,2019-12-30T23:00:00Z,33.2,pm10,µg/m³,100.0,24,24,33.233333333333334,13.0,53.0
2019-12-30T23:00:00Z,2019-12-31T23:00:00Z,7.86,pm10,µg/m³,100.0,24,24,7.858333333333333,4.3,11.7
2019-12-31T23:00:00Z,2020-01-01T23:00:00Z,9.56,pm10,µg/m³,58.0,14,24,9.564285714285713,4.3,16.3
2020-01-01T23:00:00Z,2020-01-02T23:00:00Z,5.51,pm10,µg/m³,100.0,24,24,5.512499999999999,1.3,12.8
2020-01-02T23:00:00Z,2020-01-03T23:00:00Z,8.01,pm10,µg/m³,100.0,24,24,8.012500000000001,3.8,13.5
2020-01-03T23:00:00Z,2020-01-04T23:00:00Z,13.9,pm10,µg/m³,100.0,24,24,13.866666666666665,10.6,17.5
2020-01-04T23:00:00Z,2020-01-05T23:00:00Z,12.2,pm10,µg/m³,100.0,24,24,12.158333333333337,2.6,53.2
2020-01-05T23:00:00Z,2020-01-06T23:00:00Z,17.2,pm10,µg/m³,100.0,24,24,17.195833333333336,5.5,67.3
2020-01-06T23:00:00Z,2020-01-07T23:00:00Z,6.65,pm10,µg/m³,100.0,24,24,6.650000000000001,2.2,15.0
2020-01-07T23:00:00Z,2020-01-08T23:00:00Z,5.2,pm10,µg/m³,4.0,1,24,5.2,5.2,5.2
2020-01-08T23:00:00Z,2020-01-09T23:00:00Z,3.92,pm10,µg/m³,96.0,23,24,3.9217391304347835,0.9,7.5
2020-01-09T23:00:00Z,2020-01-10T23:00:00Z,7.63,pm10,µg/m³,100.0,24,24,7.625,2.2,14.2
2020-01-10T23:00:00Z,2020-01-11T23:00:00Z,7.5,pm10,µg/m³,100.0,24,24,7.5041666666666655,1.8,13.0
2020-01-11T23:00:00Z,2020-01-12T23:00:00Z,7.72,pm10,µg/m³,100.0,24,24,7.720833333333334,4.3,11.2
2020-01-12T23:00:00Z,2020-01-13T23:00:00Z,4.24,pm10,µg/m³,100.0,24,24,4.239130434782608,0.1,8.4
2020-01-13T23:00:00Z,2020-01-14T23:00:00Z,4.05,pm10,µg/m³,100.0,24,24,4.054166666666667,1.2,7.0
2020-01-14T23:00:00Z,2020-01-15T23:00:00Z,9.59,pm10,µg/m³,100.0,24,24,9.591666666666667,4.6,15.3
2020-01-15T23:00:00Z,2020-01-16T23:00:00Z,7.01,pm10,µg/m³,100.0,24,24,7.0125,4.5,12.0
2020-01-16T23:00:00Z,2020-01-17T23:00:00Z,6.37,pm10,µg/m³,100.0,24,24,6.370833333333333,2.7,11.9
2020-01-17T23:00:00Z,2020-01-18T23:00:00Z,11.5,pm10,µg/m³,100.0,24,24,11.45833333333333,5.8,23.9
2020-01-18T23:00:00Z,2020-01-19T23:00:00Z,15.7,pm10,µg/m³,100.0,24,24,15.725,9.3,23.4
2020-01-19T23:00:00Z,2020-01-20T23:00:00Z,15.1,pm10,µg/m³,100.0,24,24,15.066666666666668,10.4,20.2
2020-01-20T23:00:00Z,2020-01-21T23:00:00Z,19.6,pm10,µg/m³,100.0,24,24,19.554166666666664,13.1,35.4
2020-01-21T23:00:00Z,2020-01-22T23:00:00Z,29.3,pm10,µg/m³,75.0,18,24,29.29444444444444,17.4,35.7
2020-01-22T23:00:00Z,2020-01-23T23:00:00Z,23.6,pm10,µg/m³,100.0,24,24,23.583333333333332,15.7,32.4
2020-01-23T23:00:00Z,2020-01-24T23:00:00Z,35.1,pm10,µg/m³,100.0,24,24,35.12916666666667,23.7,47.2
2020-01-24T23:00:00Z,2020-01-25T23:00:00Z,56.3,pm10,µg/m³,100.0,24,24,56.316666666666656,45.4,76.0
2020-01-25T23:00:00Z,2020-01-26T23:00:00Z,27.1,pm10,µg/m³,100.0,24,24,27.120833333333326,11.3,84.1
2020-01-26T23:00:00Z,2020-01-27T23:00:00Z,7.7,pm10,µg/m³,100.0,24,24,7.699999999999997,0.7,16.7
2020-01-27T23:00:00Z,2020-01-28T23:00:00Z,6.12,pm10,µg/m³,100.0,24,24,6.120833333333334,1.8,12.3
2020-01-28T23:00:00Z,2020-01-29T23:00:00Z,8.43,pm10,µg/m³,100.0,24,24,8.433333333333332,3.1,13.5
2020-01-29T23:00:00Z,2020-01-30T23:00:00Z,5.96,pm10,µg/m³,100.0,24,24,5.961904761904764,0.1,20.3
2020-01-30T23:00:00Z,2020-01-31T23:00:00Z,1.78,pm10,µg/m³,63.0,15,24,1.775,0.2,5.3
2020-02-02T23:00:00Z,2020-02-03T23:00:00Z,18.5,pm10,µg/m³,46.0,11,24,18.518181818181816,7.9,28.7
2020-02-03T23:00:00Z,2020-02-04T23:00:00Z,7.68,pm10,µg/m³,100.0,24,24,7.675,0.1,19.2
2020-02-04T23:00:00Z,2020-02-05T23:00:00Z,13.0,pm10,µg/m³,100.0,24,24,13.041666666666664,3.5,23.6
2020-02-05T23:00:00Z,2020-02-06T23:00:00Z,10.6,pm10,µg/m³,100.0,24,24,10.625000000000002,0.9,20.0
2020-02-06T23:00:00Z,2020-02-07T23:00:00Z,22.9,pm10,µg/m³,4.0,1,24,22.9,22.9,22.9
2020-02-07T23:00:00Z,2020-02-08T23:00:00Z,12.3,pm10,µg/m³,96.0,23,24,12.265217391304349,8.6,15.9
2020-02-08T23:00:00Z,2020-02-09T23:00:00Z,7.49,pm10,µg/m³,100.0,24,24,7.4875,1.1,14.1
2020-02-09T23:00:00Z,2020-02-10T23:00:00Z,20.2,pm10,µg/m³,100.0,24,24,20.154166666666665,0.2,31.5
2020-02-10T23:00:00Z,2020-02-11T23:00:00Z,10.6,pm10,µg/m³,100.0,24,24,10.608333333333334,5.0,23.4
2020-02-11T23:00:00Z,2020-02-12T23:00:00Z,10.1,pm10,µg/m³,96.0,23,24,10.082608695652175,6.6,15.1
2020-02-12T23:00:00Z,2020-02-13T23:00:00Z,9.84,pm10,µg/m³,100.0,24,24,9.8375,3.6,21.5
2020-02-13T23:00:00Z,2020-02-14T23:00:00Z,13.3,pm10,µg/m³,100.0,24,24,13.333333333333334,7.2,19.9
2020-02-14T23:00:00Z,2020-02-15T23:00:00Z,17.7,pm10,µg/m³,100.0,24,24,17.745833333333334,10.5,22.7
2020-02-15T23:00:00Z,2020-02-16T23:00:00Z,8.56,pm10,µg/m³,100.0,24,24,8.562500000000002,3.4,15.0
2020-02-16T23:00:00Z,2020-02-17T23:00:00Z,4.35,pm10,µg/m³,100.0,24,24,4.347826086956522,0.0,9.1
2020-02-17T23:00:00Z,2020-02-18T23:00:00Z,9.4,pm10,µg/m³,100.0,24,24,9.395833333333336,5.8,15.7
2020-02-18T23:00:00Z,2020-02-19T23:00:00Z,10.0,pm10,µg/m³,88.0,21,24,10.047619047619047,1.8,19.3
2020-02-19T23:00:00Z,2020-02-20T23:00:00Z,8.58,pm10,µg/m³,100.0,24,24,8.579166666666667,4.0,15.4
2020-02-20T23:00:00Z,2020-02-21T23:00:00Z,12.4,pm10,µg/m³,100.0,24,24,12.354166666666666,4.8,21.4
2020-02-21T23:00:00Z,2020-02-22T23:00:00Z,12.1,pm10,µg/m³,100.0,24,24,12.054166666666667,8.9,17.4
2020-02-22T23:00:00Z,2020-02-23T23:00:00Z,7.44,pm10,µg/m³,100.0,24,24,7.441666666666667,2.2,11.6
2020-02-23T23:00:00Z,2020-02-24T23:00:00Z,1.94,pm10,µg/m³,46.0,11,24,1.9444444444444444,0.5,3.4
2020-02-24T23:00:00Z,2020-02-25T23:00:00Z,3.69,pm10,µg/m³,58.0,14,24,3.692857142857144,1.3,5.1
2020-02-25T23:00:00Z,2020-02-26T23:00:00Z,7.62,pm10,µg/m³,100.0,24,24,7.6208333333333345,2.4,13.6
2020-02-26T23:00:00Z,2020-02-27T23:00:00Z,6.46,pm10,µg/m³,100.0,24,24,6.460869565217393,0.4,13.6
2020-02-27T23:00:00Z,2020-02-28T23:00:00Z,15.7,pm10,µg/m³,100.0,24,24,15.695833333333333,4.2,44.1
2020-02-28T23:00:00Z,2020-02-29T23:00:00Z,24.8,pm10,µg/m³,100.0,24,24,24.833333333333332,2.6,51.2
2020-02-29T23:00:00Z,2020-03-01T23:00:00Z,5.6,pm10,µg/m³,100.0,24,24,5.595652173913044,1.6,12.4
2020-03-01T23:00:00Z,2020-03-02T23:00:00Z,4.96,pm10,µg/m³,100.0,24,24,4.963636363636363,0.7,8.2
2020-03-02T23:00:00Z,2020-03-03T23:00:00Z,7.82,pm10,µg/m³,100.0,24,24,7.820833333333333,2.2,12.5
2020-03-03T23:00:00Z,2020-03-04T23:00:00Z,6.84,pm10,µg/m³,100.0,24,24,6.841666666666668,2.1,11.9
2020-03-04T23:00:00Z,2020-03-05T23:00:00Z,4.39,pm10,µg/m³,100.0,24,24,4.38695652173913,1.3,16.2
2020-03-05T23:00:00Z,2020-03-06T23:00:00Z,10.0,pm10,µg/m³,100.0,24,24,10.016666666666667,5.4,15.7
2020-03-06T23:00:00Z,2020-03-07T23:00:00Z,8.17,pm10,µg/m³,96.0,23,24,8.173913043478262,2.5,13.7
2020-03-07T23:00:00Z,2020-03-08T23:00:00Z,11.3,pm10,µg/m³,4.0,1,24,11.3,11.3,11.3
2020-03-08T23:00:00Z,2020-03-09T23:00:00Z,10.5,pm10,µg/m³,96.0,23,24,10.539130434782608,2.1,14.8
2020-03-09T23:00:00Z,2020-03-10T23:00:00Z,3.42,pm10,µg/m³,96.0,23,24,3.421739130434782,0.0,11.6
2020-03-10T23:00:00Z,2020-03-11T23:00:00Z,2.57,pm10,µg/m³,100.0,24,24,2.565217391304348,0.2,7.4
2020-03-11T23:00:00Z,2020-03-12T23:00:00Z,7.52,pm10,µg/m³,100.0,24,24,7.520833333333333,2.7,12.7
2020-03-12T23:00:00Z,2020-03-13T23:00:00Z,12.1,pm10,µg/m³,100.0,24,24,12.062500000000002,6.5,21.3
2020-03-13T23:00:00Z,2020-03-14T23:00:00Z,11.2,pm10,µg/m³,100.0,24,24,11.166666666666666,6.5,18.4
2020-03-14T23:00:00Z,2020-03-15T23:00:00Z,8.23,pm10,µg/m³,100.0,24,24,8.231818181818182,2.7,12.8
2020-03-15T23:00:00Z,2020-03-16T23:00:00Z,15.1,pm10,µg/m³,92.0,22,24,15.086363636363636,7.6,30.8
2020-03-16T23:00:00Z,2020-03-17T23:00:00Z,25.2,pm10,µg/m³,100.0,24,24,25.245833333333337,10.3,43.7
2020-03-17T23:00:00Z,2020-03-18T23:00:00Z,23.6,pm10,µg/m³,100.0,24,24,23.579166666666666,11.7,37.0
2020-03-18T23:00:00Z,2020-03-19T23:00:00Z,20.6,pm10,µg/m³,100.0,24,24,20.637500000000003,12.8,29.4
2020-03-19T23:00:00Z,2020-03-20T23:00:00Z,25.3,pm10,µg/m³,100.0,24,24,25.329166666666666,15.6,51.6
2020-03-20T23:00:00Z,2020-03-21T23:00:00Z,20.9,pm10,µg/m³,100.0,24,24,20.879166666666666,3.5,41.8
2020-03-21T23:00:00Z,2020-03-22T23:00:00Z,8.06,pm10,µg/m³,100.0,24,24,8.058333333333335,2.6,19.3
2020-03-22T23:00:00Z,2020-03-23T23:00:00Z,11.1,pm10,µg/m³,54.0,13,24,11.115384615384615,7.5,19.3
2020-03-23T23:00:00Z,2020-03-24T23:00:00Z,12.0,pm10,µg/m³,100.0,24,24,11.950000000000003,6.8,18.3
2020-03-24T23:00:00Z,2020-03-25T23:00:00Z,18.5,pm10,µg/m³,100.0,24,24,18.541666666666664,10.7,32.9
2020-03-25T23:00:00Z,2020-03-26T23:00:00Z,21.7,pm10,µg/m³,100.0,24,24,21.72083333333333,16.9,30.1
2020-03-26T23:00:00Z,2020-03-27T23:00:00Z,28.4,pm10,µg/m³,100.0,24,24,28.3875,17.6,53.3
2020-03-27T23:00:00Z,2020-03-28T23:00:00Z,50.5,pm10,µg/m³,100.0,24,24,50.520833333333336,35.0,65.9
2020-03-28T23:00:00Z,2020-03-29T22:00:00Z,17.0,pm10,µg/m³,96.0,23,24,17.01739130434782,9.9,45.4
2020-03-29T22:00:00Z,2020-03-30T22:00:00Z,10.0,pm10,µg/m³,100.0,24,24,10.012500000000001,6.1,17.7
2020-03-30T22:00:00Z,2020-03-31T22:00:00Z,10.7,pm10,µg/m³,100.0,24,24,10.675000000000002,4.3,18.2
2020-03-31T22:00:00Z,2020-04-01T22:00:00Z,15.3,pm10,µg/m³,100.0,24,24,15.300000000000002,9.9,21.1
2020-04-01T22:00:00Z,2020-04-02T22:00:00Z,20.1,pm10,µg/m³,100.0,24,24,20.070833333333333,8.5,29.9
2020-04-02T22:00:00Z,2020-04-03T22:00:00Z,13.4,pm10,µg/m³,100.0,24,24,13.416666666666666,6.1,23.4
2020-04-03T22:00:00Z,2020-04-04T22:00:00Z,19.9,pm10,µg/m³,100.0,24,24,19.916666666666668,7.4,33.4
2020-04-04T22:00:00Z,2020-04-05T22:00:00Z,10.7,pm10,µg/m³,100.0,24,24,10.674999999999999,4.1,20.3
2020-04-05T22:00:00Z,2020-04-06T22:00:00Z,10.9,pm10,µg/m³,100.0,24,24,10.854166666666666,7.7,16.8
2020-04-06T22:00:00Z,2020-04-07T22:00:00Z,21.8,pm10,µg/m³,8.0,2,24,21.75,15.5,28.0
2020-04-07T22:00:00Z,2020-04-08T22:00:00Z,14.8,pm10,µg/m³,92.0,22,24,14.822727272727274,10.4,20.2
2020-04-08T22:00:00Z,2020-04-09T22:00:00Z,16.1,pm10,µg/m³,100.0,24,24,16.137500000000003,10.3,23.6
2020-04-09T22:00:00Z,2020-04-10T22:00:00Z,18.7,pm10,µg/m³,100.0,24,24,18.716666666666665,11.7,26.9
2020-04-10T22:00:00Z,2020-04-11T22:00:00Z,19.0,pm10,µg/m³,100.0,24,24,18.958333333333332,13.0,26.5
2020-04-11T22:00:00Z,2020-04-12T22:00:00Z,14.1,pm10,µg/m³,100.0,24,24,14.133333333333331,8.8,23.0
2020-04-12T22:00:00Z,2020-04-13T22:00:00Z,17.8,pm10,µg/m³,100.0,24,24,17.845833333333335,9.5,45.5
2020-04-13T22:00:00Z,2020-04-14T22:00:00Z,15.3,pm10,µg/m³,100.0,24,24,15.345833333333337,11.3,20.7
2020-04-14T22:00:00Z,2020-04-15T22:00:00Z,13.1,pm10,µg/m³,100.0,24,24,13.058333333333332,7.7,21.4
2020-04-15T22:00:00Z,2020-04-16T22:00:00Z,13.5,pm10,µg/m³,100.0,24,24,13.491666666666667,5.9,25.3
2020-04-16T22:00:00Z,2020-04-17T22:00:00Z,13.4,pm10,µg/m³,100.0,24,24,13.424999999999997,5.4,19.1
2020-04-17T22:00:00Z,2020-04-18T22:00:00Z,4.16,pm10,µg/m³,100.0,24,24,4.161904761904762,0.2,7.9
2020-04-18T22:00:00Z,2020-04-19T22:00:00Z,8.22,pm10,µg/m³,100.0,24,24,8.216666666666669,3.2,20.9
2020-04-19T22:00:00Z,2020-04-20T22:00:00Z,23.4,pm10,µg/m³,100.0,24,24,23.370833333333337,11.3,43.2
2020-04-20T22:00:00Z,2020-04-21T22:00:00Z,18.2,pm10,µg/m³,100.0,24,24,18.20416666666667,13.0,22.8
2020-04-21T22:00:00Z,2020-04-22T22:00:00Z,20.4,pm10,µg/m³,100.0,24,24,20.400000000000002,14.3,35.3
2020-04-22T22:00:00Z,2020-04-23T22:00:00Z,17.3,pm10,µg/m³,96.0,23,24,17.304347826086957,11.6,33.1
2020-04-23T22:00:00Z,2020-04-24T22:00:00Z,22.2,pm10,µg/m³,46.0,11,24,22.19090909090909,17.6,25.3
2020-04-24T22:00:00Z,2020-04-25T22:00:00Z,14.7,pm10,µg/m³,25.0,6,24,14.733333333333334,13.0,17.6
2020-04-25T22:00:00Z,2020-04-26T22:00:00Z,10.9,pm10,µg/m³,100.0,24,24,10.916666666666664,5.8,20.1
2020-04-26T22:00:00Z,2020-04-27T22:00:00Z,6.79,pm10,µg/m³,96.0,23,24,6.786956521739131,3.0,9.4
2020-04-27T22:00:00Z,2020-04-28T22:00:00Z,6.53,pm10,µg/m³,96.0,23,24,6.530434782608695,0.1,16.9
2020-04-28T22:00:00Z,2020-04-29T22:00:00Z,4.43,pm10,µg/m³,75.0,18,24,4.429411764705883,1.2,10.8
2020-04-29T22:00:00Z,2020-04-30T22:00:00Z,3.66,pm10,µg/m³,100.0,24,24,3.66,0.1,12.9
2020-04-30T22:00:00Z,2020-05-01T22:00:00Z,9.18,pm10,µg/m³,100.0,24,24,9.174999999999999,2.6,15.4
2020-05-01T22:00:00Z,2020-05-02T22:00:00Z,6.26,pm10,µg/m³,96.0,23,24,6.256521739130435,0.9,11.4
2020-05-02T22:00:00Z,2020-05-03T22:00:00Z,2.18,pm10,µg/m³,67.0,16,24,2.1812500000000004,0.1,4.4
2020-05-03T22:00:00Z,2020-05-04T22:00:00Z,4.12,pm10,µg/m³,83.0,20,24,4.115,0.4,10.4
2020-05-04T22:00:00Z,2020-05-05T22:00:00Z,11.0,pm10,µg/m³,96.0,23,24,10.95217391304348,5.5,17.2
2020-05-05T22:00:00Z,2020-05-06T22:00:00Z,12.5,pm10,µg/m³,92.0,22,24,12.47272727272727,8.3,19.5
2020-05-06T22:00:00Z,2020-05-07T22:00:00Z,15.5,pm10,µg/m³,8.0,2,24,15.45,14.6,16.3
2020-05-07T22:00:00Z,2020-05-08T22:00:00Z,10.2,pm10,µg/m³,83.0,20,24,10.219999999999999,6.2,17.9
2020-05-08T22:00:00Z,2020-05-09T22:00:00Z,6.21,pm10,µg/m³,96.0,23,24,6.2086956521739145,3.6,11.1
2020-05-09T22:00:00Z,2020-05-10T22:00:00Z,6.23,pm10,µg/m³,96.0,23,24,6.230434782608696,2.4,9.5
2020-05-10T22:00:00Z,2020-05-11T22:00:00Z,14.5,pm10,µg/m³,100.0,24,24,14.460869565217392,0.5,51.8
2020-05-11T22:00:00Z,2020-05-12T22:00:00Z,14.4,pm10,µg/m³,38.0,9,24,14.38888888888889,11.1,18.0
2020-05-12T22:00:00Z,2020-05-13T22:00:00Z,12.7,pm10,µg/m³,29.0,7,24,12.72857142857143,7.0,15.5
2020-05-13T22:00:00Z,2020-05-14T22:00:00Z,11.4,pm10,µg/m³,71.0,17,24,11.358823529411765,7.9,16.0
2020-05-14T22:00:00Z,2020-05-15T22:00:00Z,10.5,pm10,µg/m³,67.0,16,24,10.518749999999999,7.1,15.6
2020-05-15T22:00:00Z,2020-05-16T22:00:00Z,11.3,pm10,µg/m³,96.0,23,24,11.252173913043478,7.2,14.2
2020-05-16T22:00:00Z,2020-05-17T22:00:00Z,8.57,pm10,µg/m³,92.0,22,24,8.572727272727276,4.3,13.1
2020-05-17T22:00:00Z,2020-05-18T22:00:00Z,7.95,pm10,µg/m³,83.0,20,24,7.950000000000001,4.5,13.4
2020-05-18T22:00:00Z,2020-05-19T22:00:00Z,7.99,pm10,µg/m³,92.0,22,24,7.986363636363637,4.1,14.3
2020-05-19T22:00:00Z,2020-05-20T22:00:00Z,10.8,pm10,µg/m³,88.0,21,24,10.833333333333334,3.9,37.5
2020-05-20T22:00:00Z,2020-05-21T22:00:00Z,6.55,pm10,µg/m³,92.0,22,24,6.545454545454548,3.4,11.5
2020-05-21T22:00:00Z,2020-05-22T22:00:00Z,8.69,pm10,µg/m³,96.0,23,24,8.691304347826087,3.2,17.4
2020-05-22T22:00:00Z,2020-05-23T22:00:00Z,9.08,pm10,µg/m³,96.0,23,24,9.078260869565216,3.9,17.0
2020-05-23T22:00:00Z,2020-05-24T22:00:00Z,9.8,pm10,µg/m³,96.0,23,24,9.8,4.6,13.4
2020-05-24T22:00:00Z,2020-05-25T22:00:00Z,9.7,pm10,µg/m³,96.0,23,24,9.704347826086956,5.2,19.3
2020-05-25T22:00:00Z,2020-05-26T22:00:00Z,9.46,pm10,µg/m³,100.0,24,24,9.458333333333334,6.3,13.4
2020-05-26T22:00:00Z,2020-05-27T22:00:00Z,11.8,pm10,µg/m³,75.0,18,24,11.827777777777776,7.8,17.6
2020-05-27T22:00:00Z,2020-05-28T22:00:00Z,14.4,pm10,µg/m³,50.0,12,24,14.441666666666668,10.1,19.7
2020-05-28T22:00:00Z,2020-05-29T22:00:00Z,10.1,pm10,µg/m³,88.0,21,24,10.061904761904762,6.0,14.8
2020-05-29T22:00:00Z,2020-05-30T22:00:00Z,7.8,pm10,µg/m³,8.0,2,24,7.800000000000001,7.3,8.3
2020-05-30T22:00:00Z,2020-05-31T22:00:00Z,4.53,pm10,µg/m³,17.0,4,24,4.525,2.8,6.5
2020-05-31T22:00:00Z,2020-06-01T22:00:00Z,7.81,pm10,µg/m³,92.0,22,24,7.8136363636363635,4.5,13.3
2020-06-01T22:00:00Z,2020-06-02T22:00:00Z,8.29,pm10,µg/m³,75.0,18,24,8.294444444444444,5.9,14.0
2020-06-02T22:00:00Z,2020-06-03T22:00:00Z,13.7,pm10,µg/m³,67.0,16,24,13.674999999999999,8.6,19.0
2020-06-03T22:00:00Z,2020-06-04T22:00:00Z,12.0,pm10,µg/m³,38.0,9,24,12.033333333333331,8.7,16.3
2020-06-04T22:00:00Z,2020-06-05T22:00:00Z,7.12,pm10,µg/m³,100.0,24,24,7.120833333333334,3.7,10.4
2020-06-05T22:00:00Z,2020-06-06T22:00:00Z,5.85,pm10,µg/m³,8.0,2,24,5.85,4.9,6.8
2020-06-06T22:00:00Z,2020-06-07T22:00:00Z,2.67,pm10,µg/m³,38.0,9,24,2.6666666666666665,0.6,4.5
2020-06-07T22:00:00Z,2020-06-08T22:00:00Z,4.68,pm10,µg/m³,92.0,22,24,4.681818181818182,1.6,9.1
2020-06-08T22:00:00Z,2020-06-09T22:00:00Z,10.1,pm10,µg/m³,88.0,21,24,10.123809523809522,3.1,20.9
2020-06-09T22:00:00Z,2020-06-10T22:00:00Z,11.3,pm10,µg/m³,96.0,23,24,11.326086956521742,5.5,23.8
2020-06-10T22:00:00Z,2020-06-11T22:00:00Z,9.81,pm10,µg/m³,79.0,19,24,9.810526315789474,4.6,16.2
2020-06-11T22:00:00Z,2020-06-12T22:00:00Z,4.33,pm10,µg/m³,71.0,17,24,4.33125,0.6,8.0
2020-06-12T22:00:00Z,2020-06-13T22:00:00Z,4.83,pm10,µg/m³,88.0,21,24,4.833333333333333,2.8,8.3
2020-06-13T22:00:00Z,2020-06-14T22:00:00Z,7.1,pm10,µg/m³,88.0,21,24,7.095238095238095,1.8,17.3
2020-06-14T22:00:00Z,2020-06-15T22:00:00Z,4.98,pm10,µg/m³,67.0,16,24,4.98125,2.3,10.2
2020-06-15T22:00:00Z,2020-06-16T22:00:00Z,3.69,pm10,µg/m³,58.0,14,24,3.6857142857142846,0.4,6.8
2020-06-16T22:00:00Z,2020-06-17T22:00:00Z,5.18,pm10,µg/m³,88.0,21,24,5.18,0.1,10.5
2020-06-17T22:00:00Z,2020-06-18T22:00:00Z,4.67,pm10,µg/m³,88.0,21,24,4.671428571428571,0.0,11.8
2020-06-18T22:00:00Z,2020-06-19T22:00:00Z,5.5,pm10,µg/m³,92.0,22,24,5.504545454545456,2.4,8.9
2020-06-19T22:00:00Z,2020-06-20T22:00:00Z,5.13,pm10,µg/m³,67.0,16,24,5.13125,3.2,9.7
2020-06-20T22:00:00Z,2020-06-21T22:00:00Z,5.31,pm10,µg/m³,83.0,20,24,5.3100000000000005,1.7,10.4
2020-06-21T22:00:00Z,2020-06-22T22:00:00Z,10.4,pm10,µg/m³,63.0,15,24,10.440000000000001,1.4,22.8
2020-06-22T22:00:00Z,2020-06-23T22:00:00Z,14.4,pm10,µg/m³,79.0,19,24,14.394736842105264,9.1,19.5
2020-06-23T22:00:00Z,2020-06-24T22:00:00Z,13.7,pm10,µg/m³,83.0,20,24,13.745,9.5,22.7
2020-06-24T22:00:00Z,2020-06-25T22:00:00Z,15.3,pm10,µg/m³,75.0,18,24,15.344444444444443,10.7,23.3
2020-06-25T22:00:00Z,2020-06-26T22:00:00Z,14.9,pm10,µg/m³,88.0,21,24,14.86190476190476,9.8,22.2
2020-06-26T22:00:00Z,2020-06-27T22:00:00Z,7.12,pm10,µg/m³,96.0,23,24,7.121739130434785,3.0,18.5
2020-06-27T22:00:00Z,2020-06-28T22:00:00Z,4.58,pm10,µg/m³,96.0,23,24,4.578260869565217,0.2,8.2
2020-06-28T22:00:00Z,2020-06-29T22:00:00Z,7.2,pm10,µg/m³,88.0,21,24,7.2,0.1,13.3
2020-06-29T22:00:00Z,2020-06-30T22:00:00Z,6.15,pm10,µg/m³,100.0,24,24,6.154166666666665,2.5,10.8
2020-06-30T22:00:00Z,2020-07-01T22:00:00Z,3.1,pm10,µg/m³,96.0,23,24,3.0954545454545457,0.8,10.8
2020-07-01T22:00:00Z,2020-07-02T22:00:00Z,4.98,pm10,µg/m³,71.0,17,24,4.98235294117647,0.1,9.8
2020-07-02T22:00:00Z,2020-07-03T22:00:00Z,9.0,pm10,µg/m³,29.0,7,24,9.0,7.0,10.4
2020-07-03T22:00:00Z,2020-07-04T22:00:00Z,7.61,pm10,µg/m³,83.0,20,24,7.610000000000001,2.4,11.3
2020-07-04T22:00:00Z,2020-07-05T22:00:00Z,3.86,pm10,µg/m³,92.0,22,24,3.857142857142857,0.6,9.1
2020-07-05T22:00:00Z,2020-07-06T22:00:00Z,4.15,pm10,µg/m³,8.0,2,24,4.15,3.7,4.6
2020-07-06T22:00:00Z,2020-07-07T22:00:00Z,12.0,pm10,µg/m³,75.0,18,24,12.033333333333333,8.7,15.6
2020-07-07T22:00:00Z,2020-07-08T22:00:00Z,11.2,pm10,µg/m³,92.0,22,24,11.19090909090909,5.8,19.5
2020-07-08T22:00:00Z,2020-07-09T22:00:00Z,9.68,pm10,µg/m³,100.0,24,24,9.683333333333335,4.7,15.6
2020-07-09T22:00:00Z,2020-07-10T22:00:00Z,6.91,pm10,µg/m³,100.0,24,24,6.9125000000000005,2.6,18.6
2020-07-10T22:00:00Z,2020-07-11T22:00:00Z,11.0,pm10,µg/m³,67.0,16,24,10.968750000000002,7.3,16.7
2020-07-11T22:00:00Z,2020-07-12T22:00:00Z,10.7,pm10,µg/m³,96.0,23,24,10.678260869565216,6.8,15.0
2020-07-12T22:00:00Z,2020-07-13T22:00:00Z,14.4,pm10,µg/m³,92.0,22,24,14.413636363636364,10.8,20.6
2020-07-13T22:00:00Z,2020-07-14T22:00:00Z,9.94,pm10,µg/m³,100.0,24,24,9.941666666666666,1.2,24.3
2020-07-14T22:00:00Z,2020-07-15T22:00:00Z,9.31,pm10,µg/m³,100.0,24,24,9.308695652173913,0.5,15.6
2020-07-15T22:00:00Z,2020-07-16T22:00:00Z,7.5,pm10,µg/m³,100.0,24,24,7.504166666666666,2.6,14.7
2020-07-16T22:00:00Z,2020-07-17T22:00:00Z,7.15,pm10,µg/m³,100.0,24,24,7.145833333333332,2.9,12.1
2020-07-17T22:00:00Z,2020-07-18T22:00:00Z,12.5,pm10,µg/m³,96.0,23,24,12.486956521739128,5.6,20.2
2020-07-18T22:00:00Z,2020-07-19T22:00:00Z,15.8,pm10,µg/m³,96.0,23,24,15.839130434782609,9.2,21.1
2020-07-19T22:00:00Z,2020-07-20T22:00:00Z,27.9,pm10,µg/m³,42.0,10,24,27.939999999999998,22.1,32.8
2020-07-20T22:00:00Z,2020-07-21T22:00:00Z,17.5,pm10,µg/m³,100.0,24,24,17.466666666666665,12.5,22.6
2020-07-21T22:00:00Z,2020-07-22T22:00:00Z,17.0,pm10,µg/m³,92.0,22,24,17.013636363636365,8.7,25.3
2020-07-22T22:00:00Z,2020-07-23T22:00:00Z,16.3,pm10,µg/m³,83.0,20,24,16.280000000000005,8.9,21.6
2020-07-23T22:00:00Z,2020-07-24T22:00:00Z,10.9,pm10,µg/m³,100.0,24,24,10.870833333333335,4.3,29.7
2020-07-24T22:00:00Z,2020-07-25T22:00:00Z,7.34,pm10,µg/m³,100.0,24,24,7.337500000000001,4.9,10.4
2020-07-25T22:00:00Z,2020-07-26T22:00:00Z,4.67,pm10,µg/m³,100.0,24,24,4.6708333333333325,2.9,6.3
2020-07-26T22:00:00Z,2020-07-27T22:00:00Z,10.4,pm10,µg/m³,96.0,23,24,10.365217391304348,5.0,31.4
2020-07-27T22:00:00Z,2020-07-28T22:00:00Z,7.39,pm10,µg/m³,71.0,17,24,7.394117647058823,4.3,12.0
2020-07-28T22:00:00Z,2020-07-29T22:00:00Z,12.0,pm10,µg/m³,50.0,12,24,12.0,9.1,17.5
2020-07-29T22:00:00Z,2020-07-30T22:00:00Z,18.3,pm10,µg/m³,100.0,24,24,18.249999999999996,10.8,30.8
2020-07-30T22:00:00Z,2020-07-31T22:00:00Z,30.2,pm10,µg/m³,13.0,3,24,30.233333333333334,27.8,33.0
2020-07-31T22:00:00Z,2020-08-01T22:00:00Z,8.15,pm10,µg/m³,8.0,2,24,8.15,7.9,8.4
2020-08-01T22:00:00Z,2020-08-02T22:00:00Z,6.3,pm10,µg/m³,4.0,1,24,6.3,6.3,6.3
2020-08-02T22:00:00Z,2020-08-03T22:00:00Z,7.97,pm10,µg/m³,13.0,3,24,7.966666666666666,7.0,9.2
2020-08-03T22:00:00Z,2020-08-04T22:00:00Z,8.48,pm10,µg/m³,100.0,24,24,8.475,5.3,16.4
2020-08-04T22:00:00Z,2020-08-05T22:00:00Z,9.1,pm10,µg/m³,8.0,2,24,9.1,8.6,9.6
2020-08-05T22:00:00Z,2020-08-06T22:00:00Z,16.4,pm10,µg/m³,88.0,21,24,16.414285714285715,9.9,32.3
2020-08-06T22:00:00Z,2020-08-07T22:00:00Z,20.3,pm10,µg/m³,100.0,24,24,20.275000000000002,9.9,36.0
2020-08-07T22:00:00Z,2020-08-08T22:00:00Z,21.7,pm10,µg/m³,100.0,24,24,21.716666666666665,15.1,30.7
2020-08-08T22:00:00Z,2020-08-09T22:00:00Z,20.7,pm10,µg/m³,96.0,23,24,20.673913043478258,9.9,32.3
2020-08-09T22:00:00Z,2020-08-10T22:00:00Z,14.5,pm10,µg/m³,100.0,24,24,14.500000000000002,10.6,22.4
2020-08-10T22:00:00Z,2020-08-11T22:00:00Z,22.4,pm10,µg/m³,88.0,21,24,22.361904761904764,15.2,37.9
2020-08-11T22:00:00Z,2020-08-12T22:00:00Z,21.5,pm10,µg/m³,54.0,13,24,21.453846153846158,13.9,27.2
2020-08-12T22:00:00Z,2020-08-13T22:00:00Z,11.8,pm10,µg/m³,100.0,24,24,11.808333333333332,4.0,25.2
2020-08-13T22:00:00Z,2020-08-14T22:00:00Z,7.44,pm10,µg/m³,100.0,24,24,7.441666666666666,4.2,11.9
2020-08-14T22:00:00Z,2020-08-15T22:00:00Z,6.48,pm10,µg/m³,88.0,21,24,6.480952380952381,4.1,8.7
2020-08-15T22:00:00Z,2020-08-16T22:00:00Z,6.41,pm10,µg/m³,83.0,20,24,6.410000000000001,4.0,8.6
2020-08-16T22:00:00Z,2020-08-17T22:00:00Z,5.67,pm10,µg/m³,100.0,24,24,5.666666666666668,3.4,11.4
2020-08-17T22:00:00Z,2020-08-18T22:00:00Z,5.72,pm10,µg/m³,100.0,24,24,5.720833333333334,2.6,34.7
2020-08-18T22:00:00Z,2020-08-19T22:00:00Z,7.99,pm10,µg/m³,100.0,24,24,7.991666666666667,2.7,28.9
2020-08-19T22:00:00Z,2020-08-20T22:00:00Z,10.2,pm10,µg/m³,100.0,24,24,10.245833333333332,6.7,13.1
2020-08-20T22:00:00Z,2020-08-21T22:00:00Z,8.95,pm10,µg/m³,100.0,24,24,8.945833333333335,5.8,12.0
2020-08-21T22:00:00Z,2020-08-22T22:00:00Z,11.0,pm10,µg/m³,92.0,22,24,10.959090909090909,5.3,16.8
2020-08-22T22:00:00Z,2020-08-23T22:00:00Z,6.23,pm10,µg/m³,92.0,22,24,6.2318181818181815,4.4,7.6
2020-08-23T22:00:00Z,2020-08-24T22:00:00Z,7.15,pm10,µg/m³,92.0,22,24,7.145454545454545,5.0,11.0
2020-08-24T22:00:00Z,2020-08-25T22:00:00Z,10.3,pm10,µg/m³,92.0,22,24,10.322727272727274,4.5,20.9
2020-08-25T22:00:00Z,2020-08-26T22:00:00Z,11.6,pm10,µg/m³,100.0,24,24,11.587499999999999,4.8,15.9
2020-08-26T22:00:00Z,2020-08-27T22:00:00Z,11.0,pm10,µg/m³,88.0,21,24,10.957142857142859,6.3,18.6
2020-08-27T22:00:00Z,2020-08-28T22:00:00Z,6.69,pm10,µg/m³,100.0,24,24,6.687500000000001,3.2,10.4
2020-08-28T22:00:00Z,2020-08-29T22:00:00Z,5.96,pm10,µg/m³,100.0,24,24,5.958333333333332,2.6,11.3
2020-08-29T22:00:00Z,2020-08-30T22:00:00Z,5.66,pm10,µg/m³,100.0,24,24,5.6625000000000005,2.0,9.2
2020-08-30T22:00:00Z,2020-08-31T22:00:00Z,7.91,pm10,µg/m³,100.0,24,24,7.908333333333334,5.3,11.3
2020-08-31T22:00:00Z,2020-09-01T22:00:00Z,8.27,pm10,µg/m³,100.0,24,24,8.270833333333334,4.5,29.5
2020-09-01T22:00:00Z,2020-09-02T22:00:00Z,10.3,pm10,µg/m³,100.0,24,24,10.333333333333334,7.5,23.0
2020-09-02T22:00:00Z,2020-09-03T22:00:00Z,9.01,pm10,µg/m³,100.0,24,24,9.008333333333335,6.9,12.3
2020-09-03T22:00:00Z,2020-09-04T22:00:00Z,9.3,pm10,µg/m³,8.0,2,24,9.3,8.0,10.6
2020-09-04T22:00:00Z,2020-09-05T22:00:00Z,7.49,pm10,µg/m³,88.0,21,24,7.485714285714287,3.9,12.8
2020-09-05T22:00:00Z,2020-09-06T22:00:00Z,5.66,pm10,µg/m³,42.0,10,24,5.66,4.7,6.5
2020-09-06T22:00:00Z,2020-09-07T22:00:00Z,5.67,pm10,µg/m³,38.0,9,24,5.666666666666667,3.7,10.2
2020-09-08T22:00:00Z,2020-09-09T22:00:00Z,11.6,pm10,µg/m³,54.0,13,24,11.63076923076923,9.6,18.5
2020-09-09T22:00:00Z,2020-09-10T22:00:00Z,12.6,pm10,µg/m³,100.0,24,24,12.633333333333333,8.8,19.6
2020-09-10T22:00:00Z,2020-09-11T22:00:00Z,13.8,pm10,µg/m³,100.0,24,24,13.770833333333337,9.2,28.5
2020-09-11T22:00:00Z,2020-09-12T22:00:00Z,14.6,pm10,µg/m³,100.0,24,24,14.616666666666665,10.0,46.4
2020-09-12T22:00:00Z,2020-09-13T22:00:00Z,11.3,pm10,µg/m³,100.0,24,24,11.3125,6.5,16.8
2020-09-13T22:00:00Z,2020-09-14T22:00:00Z,14.1,pm10,µg/m³,83.0,20,24,14.119999999999996,10.2,26.2
2020-09-14T22:00:00Z,2020-09-15T22:00:00Z,24.5,pm10,µg/m³,100.0,24,24,24.491666666666674,13.3,60.1
2020-09-15T22:00:00Z,2020-09-16T22:00:00Z,27.0,pm10,µg/m³,96.0,23,24,27.03478260869565,18.8,33.5
2020-09-16T22:00:00Z,2020-09-17T22:00:00Z,26.0,pm10,µg/m³,96.0,23,24,25.991304347826084,19.6,32.7
2020-09-17T22:00:00Z,2020-09-18T22:00:00Z,26.5,pm10,µg/m³,100.0,24,24,26.46666666666667,18.3,38.1
2020-09-18T22:00:00Z,2020-09-19T22:00:00Z,18.0,pm10,µg/m³,92.0,22,24,18.036363636363635,6.2,36.0
2020-09-19T22:00:00Z,2020-09-20T22:00:00Z,9.38,pm10,µg/m³,100.0,24,24,9.379166666666665,6.5,12.6
2020-09-20T22:00:00Z,2020-09-21T22:00:00Z,15.6,pm10,µg/m³,100.0,24,24,15.554166666666667,8.4,26.3
2020-09-21T22:00:00Z,2020-09-22T22:00:00Z,17.3,pm10,µg/m³,100.0,24,24,17.337500000000002,8.1,30.8
2020-09-22T22:00:00Z,2020-09-23T22:00:00Z,10.4,pm10,µg/m³,96.0,23,24,10.4,5.9,15.3
2020-09-23T22:00:00Z,2020-09-24T22:00:00Z,5.84,pm10,µg/m³,67.0,16,24,5.837500000000001,3.1,11.9
2020-09-24T22:00:00Z,2020-09-25T22:00:00Z,6.55,pm10,µg/m³,100.0,24,24,6.545833333333335,3.7,9.9
2020-09-25T22:00:00Z,2020-09-26T22:00:00Z,6.15,pm10,µg/m³,100.0,24,24,6.1499999999999995,4.0,8.6
2020-09-26T22:00:00Z,2020-09-27T22:00:00Z,5.42,pm10,µg/m³,100.0,24,24,5.416666666666667,3.3,7.9
2020-09-27T22:00:00Z,2020-09-28T22:00:00Z,10.2,pm10,µg/m³,100.0,24,24,10.183333333333335,4.6,14.7
2020-09-28T22:00:00Z,2020-09-29T22:00:00Z,9.93,pm10,µg/m³,100.0,24,24,9.924999999999999,7.0,18.1
2020-09-29T22:00:00Z,2020-09-30T22:00:00Z,8.86,pm10,µg/m³,100.0,24,24,8.862499999999999,5.4,18.9
2020-09-30T22:00:00Z,2020-10-01T22:00:00Z,7.59,pm10,µg/m³,100.0,24,24,7.591666666666665,3.2,11.2
2020-10-01T22:00:00Z,2020-10-02T22:00:00Z,5.53,pm10,µg/m³,100.0,24,24,5.533333333333332,2.9,8.4
2020-10-02T22:00:00Z,2020-10-03T22:00:00Z,6.22,pm10,µg/m³,96.0,23,24,6.221739130434785,2.6,9.5
2020-10-03T22:00:00Z,2020-10-04T22:00:00Z,5.0,pm10,µg/m³,8.0,2,24,5.0,3.7,6.3
2020-10-04T22:00:00Z,2020-10-05T22:00:00Z,8.42,pm10,µg/m³,63.0,15,24,8.42,1.4,17.2
2020-10-05T22:00:00Z,2020-10-06T22:00:00Z,9.45,pm10,µg/m³,96.0,23,24,9.45217391304348,2.4,15.7
2020-10-06T22:00:00Z,2020-10-07T22:00:00Z,10.5,pm10,µg/m³,100.0,24,24,10.516666666666667,6.3,13.5
2020-10-07T22:00:00Z,2020-10-08T22:00:00Z,14.0,pm10,µg/m³,100.0,24,24,13.979166666666664,4.4,104.7
2020-10-08T22:00:00Z,2020-10-09T22:00:00Z,7.67,pm10,µg/m³,88.0,21,24,7.671428571428573,2.0,13.0
2020-10-09T22:00:00Z,2020-10-10T22:00:00Z,8.24,pm10,µg/m³,100.0,24,24,8.2375,5.0,11.1
2020-10-10T22:00:00Z,2020-10-11T22:00:00Z,6.13,pm10,µg/m³,83.0,20,24,6.125000000000001,2.9,9.3
